date,Bicycles,Buses and Coaches,Heavy Vehicles (> 3.5t),Light Vehicles (< 3.5t),Motorized Two-Wheelers,Scooters,Scooters + Bicycles,total
2020-05-22,0,1,0,3,0,0,11,15
2020-05-23,0,20,12,37,1,0,133,203
2020-05-24,0,19,13,35,1,0,131,199
2020-05-25,0,23,14,36,2,0,140,215
2020-05-26,0,27,16,40,0,0,132,215
2020-05-27,0,25,20,37,2,0,132,216
2020-05-28,0,26,15,41,1,0,134,217
2020-05-29,0,25,16,42,0,0,140,223
2020-05-30,0,22,15,35,1,0,139,212
2020-05-31,0,22,13,38,2,0,141,216
2020-06-01,0,21,13,40,1,0,137,212
2020-06-02,0,29,16,41,1,0,142,229
2020-06-03,0,24,16,44,2,0,137,223
2020-06-04,0,24,16,42,29,0,129,240
2020-06-05,0,24,20,35,55,0,122,256
2020-06-06,0,20,13,33,53,0,139,258
2020-06-07,0,20,8,31,42,0,134,235
2020-06-08,0,25,18,35,54,0,125,257
2020-06-09,0,23,24,38,62,0,129,276
2020-06-10,0,29,27,37,65,0,133,291
2020-06-11,0,23,19,33,57,0,131,263
2020-06-12,0,24,18,34,48,0,131,255
2020-06-13,0,22,23,34,56,0,137,272
2020-06-14,0,20,13,30,44,0,135,242
2020-06-15,0,24,20,30,61,0,130,265
2020-06-16,0,23,20,37,60,0,136,276
2020-06-17,0,25,24,36,68,0,135,288
2020-06-18,0,23,24,35,66,0,134,282
2020-06-19,0,26,24,34,61,0,135,280
2020-06-20,0,22,14,34,49,0,133,252
2020-06-21,0,20,17,31,57,0,133,258
2020-06-22,0,25,23,43,67,0,134,292
2020-06-23,0,25,20,30,59,0,135,269
2020-06-24,0,26,20,39,65,0,137,287
2020-06-25,0,26,22,31,59,0,132,270
2020-06-26,0,23,21,35,66,0,132,277
2020-06-27,0,20,21,35,58,0,137,271
2020-06-28,0,20,17,32,46,0,134,249
2020-06-29,0,23,21,31,55,0,136,266
2020-06-30,0,27,23,36,64,0,133,283
2020-07-01,0,24,18,35,57,0,131,265
2020-07-02,0,29,26,46,74,0,129,304
2020-07-03,0,26,24,35,64,0,132,281
2020-07-04,0,24,18,37,54,0,134,267
2020-07-05,0,20,13,31,48,0,139,251
2020-07-06,0,24,24,37,62,0,134,281
2020-07-07,0,25,20,33,64,0,137,279
2020-07-08,0,26,22,36,65,0,144,293
2020-07-09,0,29,28,42,64,0,133,296
2020-07-10,0,24,22,35,70,0,134,285
2020-07-11,0,21,14,41,58,0,136,270
2020-07-12,0,22,9,31,42,0,132,236
2020-07-13,0,23,18,33,53,0,132,259
2020-07-14,0,16,14,27,43,0,135,235
2020-07-15,0,25,17,43,67,0,127,279
2020-07-16,0,25,17,29,65,0,129,265
2020-07-17,0,24,21,33,67,0,138,283
2020-07-18,0,23,18,36,57,0,139,273
2020-07-19,0,22,16,38,48,0,133,257
2020-07-20,0,23,19,27,58,0,130,257
2020-07-21,0,25,25,38,60,0,135,283
2020-07-22,0,27,20,38,58,0,134,277
2020-07-23,0,25,17,34,47,0,135,258
2020-07-24,0,23,21,34,56,0,134,268
2020-07-25,0,21,15,31,56,0,139,262
2020-07-26,0,20,9,30,41,0,132,232
2020-07-27,0,23,21,32,53,0,135,264
2020-07-28,0,25,19,32,52,0,124,252
2020-07-29,0,25,20,33,55,0,133,266
2020-07-30,0,24,20,40,56,0,136,276
2020-07-31,0,22,16,33,47,0,132,250
2020-08-01,0,20,12,35,48,0,132,247
2020-08-02,0,18,10,28,44,0,136,236
2020-08-03,0,22,17,28,45,0,129,241
2020-08-04,0,22,20,32,45,0,138,257
2020-08-05,0,23,16,36,54,0,131,260
2020-08-06,0,27,31,44,47,0,140,289
2020-08-07,0,23,23,34,47,0,135,262
2020-08-08,0,23,20,37,39,0,132,251
2020-08-09,0,22,14,33,37,0,133,239
2020-08-10,0,21,21,37,43,0,130,252
2020-08-11,0,23,19,32,44,0,127,245
2020-08-12,0,23,23,28,47,0,134,255
2020-08-13,0,24,18,43,43,0,128,256
2020-08-14,0,23,23,37,45,0,130,258
2020-08-15,0,20,14,32,36,0,139,241
2020-08-16,0,21,15,35,39,0,132,242
2020-08-17,0,22,18,31,40,0,136,247
2020-08-18,0,25,19,39,38,0,132,253
2020-08-19,0,26,18,37,38,0,132,251
2020-08-20,0,24,26,38,34,0,138,260
2020-08-21,0,26,23,38,46,0,137,270
2020-08-22,0,23,22,36,40,0,142,263
2020-08-23,0,22,14,34,41,0,133,244
2020-08-24,0,23,25,34,53,0,136,271
2020-08-25,0,22,28,37,42,0,139,268
2020-08-26,0,23,19,36,47,0,136,261
2020-08-27,0,28,19,40,46,65,132,330
2020-08-28,0,25,25,36,43,56,131,316
2020-08-29,0,23,24,38,43,0,137,265
2020-08-30,0,21,16,33,36,0,138,244
2020-08-31,0,23,27,40,42,0,133,265
2020-09-01,0,29,27,38,47,0,132,273
2020-09-02,0,28,26,43,47,0,138,282
2020-09-03,0,25,30,49,52,0,142,298
2020-09-04,0,26,31,39,44,0,131,271
2020-09-05,0,21,18,34,46,0,130,249
2020-09-06,0,21,19,31,38,0,132,241
2020-09-07,0,26,26,35,48,0,123,258
2020-09-08,0,22,31,32,43,0,116,244
2020-09-09,9,1,2,2,2,11,0,27
2020-09-10,119,20,31,30,49,114,0,363
2020-09-11,121,23,28,30,48,117,0,367
2020-09-12,125,19,19,29,46,120,0,358
2020-09-13,120,21,22,29,35,117,0,344
2020-09-14,118,19,27,28,39,113,0,344
2020-09-15,117,20,24,30,43,112,0,346
2020-09-16,98,18,21,25,32,92,0,286
2020-09-17,121,22,28,36,44,107,0,358
2020-09-18,124,22,22,33,45,110,0,356
2020-09-19,121,21,21,32,41,112,0,348
2020-09-20,124,17,24,31,30,119,0,345
2020-09-21,122,21,25,28,43,113,0,352
2020-09-22,121,22,25,27,39,104,0,338
2020-09-23,115,21,28,33,46,112,0,355
2020-09-24,120,21,28,34,42,112,0,357
2020-09-25,118,22,28,40,49,108,0,365
2020-09-26,118,22,29,34,36,116,0,355
2020-09-27,116,18,22,28,34,99,0,317
2020-09-28,114,20,26,27,34,90,0,311
2020-09-29,116,21,26,33,39,97,0,332
2020-09-30,122,24,29,35,36,102,0,348
2020-10-01,121,20,31,31,42,102,0,347
2020-10-02,116,19,26,31,47,94,0,333
2020-10-03,122,20,25,29,37,103,0,336
2020-10-04,115,19,24,29,35,105,0,327
2020-10-05,115,21,27,28,41,89,0,321
2020-10-06,116,20,23,29,38,102,0,328
2020-10-07,117,25,28,41,40,101,0,352
2020-10-08,114,24,30,38,41,96,0,343
2020-10-09,115,22,28,29,44,102,0,340
2020-10-10,121,24,25,29,43,112,0,354
2020-10-11,114,18,22,29,34,101,0,318
2020-10-12,119,21,28,33,43,99,0,343
2020-10-13,109,19,28,26,41,107,0,330
2020-10-14,118,20,31,30,42,107,0,348
2020-10-15,116,20,27,30,41,103,0,337
2020-10-16,118,20,31,33,42,100,0,344
2020-10-17,115,22,24,28,34,98,0,321
2020-10-18,111,22,28,29,31,82,0,303
2020-10-19,108,22,29,33,40,87,0,319
2020-10-20,110,22,25,28,31,82,0,298
2020-10-21,114,23,36,34,41,96,0,344
2020-10-22,116,22,34,31,40,95,0,338
2020-10-23,109,24,26,31,35,88,0,313
2020-10-24,112,20,20,29,29,94,0,304
2020-10-25,110,20,19,24,29,81,0,283
2020-10-26,107,20,29,27,42,97,0,322
2020-10-27,102,23,29,30,35,85,0,304
2020-10-28,116,22,26,33,39,92,0,328
2020-10-29,114,24,33,44,39,96,0,350
2020-10-30,106,22,28,33,26,86,0,301
2020-10-31,100,20,23,29,28,73,0,273
2020-11-01,104,22,16,26,21,65,0,254
2020-11-02,108,21,24,27,27,85,0,292
2020-11-03,106,20,24,31,34,91,0,306
2020-11-04,110,24,38,31,31,78,0,312
2020-11-05,102,25,35,28,28,74,0,292
2020-11-06,105,22,25,26,32,87,0,297
2020-11-07,104,20,23,26,31,90,0,294
2020-11-08,97,20,19,27,23,76,0,262
2020-11-09,101,19,27,29,31,85,0,292
2020-11-10,102,21,21,27,28,83,0,282
2020-11-11,102,21,25,26,30,77,0,281
2020-11-12,103,21,29,32,36,82,0,303
2020-11-13,106,23,23,28,34,77,0,291
2020-11-14,104,22,22,24,32,81,0,285
2020-11-15,106,18,23,25,26,69,0,267
2020-11-16,105,20,27,26,31,72,0,281
2020-11-17,103,22,26,26,26,81,0,284
2020-11-18,113,22,28,29,35,85,0,312
2020-11-19,106,21,28,28,30,83,0,296
2020-11-20,112,24,25,31,35,85,0,312
2020-11-21,113,20,25,26,26,79,0,289
2020-11-22,108,18,23,29,25,73,0,276
2020-11-23,111,20,26,27,27,84,0,295
2020-11-24,108,22,25,28,33,83,0,299
2020-11-25,84,17,15,22,24,62,0,224
2020-11-26,103,22,24,31,29,88,0,297
2020-11-27,110,24,21,34,29,86,0,304
2020-11-28,119,24,24,31,30,97,0,325
2020-11-29,113,18,17,27,35,81,0,291
2020-11-30,103,22,27,28,33,80,0,293
2020-12-01,103,19,23,28,30,86,0,289
2020-12-02,109,21,29,28,29,87,0,303
2020-12-03,108,22,31,27,29,78,0,295
2020-12-04,109,22,20,30,31,96,0,308
2020-12-05,119,23,27,36,34,95,0,334
2020-12-06,107,18,17,29,29,84,0,284
2020-12-07,107,19,28,33,36,81,0,304
2020-12-08,106,24,29,36,33,80,0,308
2020-12-09,114,21,32,28,32,86,0,313
2020-12-10,107,25,29,35,35,80,0,311
2020-12-11,113,21,27,34,30,76,0,301
2020-12-12,116,22,32,41,30,96,0,337
2020-12-13,109,19,22,29,23,88,0,290
2020-12-14,111,22,32,31,34,85,0,315
2020-12-15,113,23,22,31,36,85,0,310
2020-12-16,108,25,24,32,37,80,0,306
2020-12-17,110,25,27,32,34,84,0,312
2020-12-18,113,26,36,41,40,100,0,356
2020-12-19,112,19,18,27,36,92,0,304
2020-12-20,107,19,19,27,29,81,0,282
2020-12-21,97,25,26,38,29,74,0,289
2020-12-22,104,35,30,39,34,78,0,320
2020-12-23,101,24,33,30,30,81,0,299
2020-12-24,100,20,24,32,30,79,0,285
2020-12-25,106,19,10,25,21,68,0,249
2020-12-26,100,19,19,35,22,83,0,278
2020-12-27,93,19,20,27,17,49,0,225
2020-12-28,97,24,25,35,31,63,0,275
2020-12-29,97,24,30,31,28,78,0,288
2020-12-30,103,22,27,34,30,77,0,293
2020-12-31,100,21,24,32,29,85,0,291
2021-01-01,102,19,16,26,21,73,0,257
2021-01-02,98,20,21,28,24,76,0,267
2021-01-03,96,20,20,29,24,69,0,258
2021-01-04,104,20,27,33,23,79,0,286
2021-01-05,101,21,28,32,28,74,0,284
2021-01-06,104,21,26,27,27,82,0,287
2021-01-07,106,20,24,29,26,76,0,281
2021-01-08,109,23,26,31,33,84,0,306
2021-01-09,110,20,24,34,34,77,0,299
2021-01-10,107,19,17,32,28,77,0,280
2021-01-11,100,24,29,31,31,75,0,290
2021-01-12,107,26,30,31,33,73,0,300
2021-01-13,108,23,25,28,35,74,0,293
2021-01-14,113,23,33,32,39,68,0,308
2021-01-15,112,22,26,34,46,82,0,322
2021-01-16,108,20,25,29,22,65,0,269
2021-01-17,105,19,17,27,26,73,0,267
2021-01-18,103,21,25,31,40,76,0,296
2021-01-19,109,23,26,34,35,73,0,300
2021-01-20,105,22,27,33,47,76,0,310
2021-01-21,113,26,25,37,40,78,0,319
2021-01-22,111,27,30,34,39,82,0,323
2021-01-23,112,21,19,33,29,80,0,294
2021-01-24,104,20,19,30,28,78,0,279
2021-01-25,101,28,32,37,37,73,0,308
2021-01-26,107,31,33,38,36,79,0,324
2021-01-27,107,27,27,36,36,67,0,300
2021-01-28,109,23,26,37,43,70,0,308
2021-01-29,118,29,23,31,39,83,0,323
2021-01-30,112,23,28,32,27,78,0,300
2021-01-31,103,20,21,32,27,70,0,273
2021-02-01,120,32,33,36,31,78,0,330
2021-02-02,113,29,32,34,41,83,0,332
2021-02-03,110,26,28,35,36,79,0,314
2021-02-04,113,39,33,37,41,93,0,356
2021-02-05,116,29,28,33,35,81,0,322
2021-02-06,112,25,26,39,33,77,0,312
2021-02-07,104,22,20,37,29,67,0,279
2021-02-08,105,29,28,39,45,73,0,319
2021-02-09,102,22,28,43,45,78,0,318
2021-02-10,101,31,36,38,28,79,0,313
2021-02-11,110,25,37,35,35,80,0,322
2021-02-12,109,22,29,39,37,73,0,309
2021-02-13,113,22,22,39,34,87,0,317
2021-02-14,106,22,18,36,29,72,0,283
2021-02-15,102,26,39,42,36,69,0,314
2021-02-16,102,31,33,40,46,82,0,334
2021-02-17,105,26,30,37,46,76,0,320
2021-02-18,108,27,33,40,39,81,0,328
2021-02-19,116,36,35,37,43,88,0,355
2021-02-20,122,28,23,41,41,85,0,340
2021-02-21,108,24,18,35,38,78,0,301
2021-02-22,110,26,29,36,36,76,0,313
2021-02-23,116,24,27,36,45,79,0,327
2021-02-24,115,29,29,35,46,90,0,344
2021-02-25,124,33,35,36,40,87,0,355
2021-02-26,116,26,35,32,40,81,0,330
2021-02-27,119,21,23,36,38,84,0,321
2021-02-28,117,22,16,36,30,83,0,304
2021-03-01,112,25,30,35,41,81,0,324
2021-03-02,113,26,34,33,39,86,0,331
2021-03-03,117,26,29,29,45,87,0,333
2021-03-04,116,23,28,39,46,83,0,335
2021-03-05,115,23,27,38,45,87,0,335
2021-03-06,119,23,23,41,42,87,0,335
2021-03-07,116,21,19,31,33,87,0,307
2021-03-08,106,31,28,47,46,81,0,339
2021-03-09,111,26,32,39,40,84,0,332
2021-03-10,110,23,29,34,45,81,0,322
2021-03-11,115,25,32,44,50,77,0,343
2021-03-12,115,28,31,40,44,81,0,339
2021-03-13,107,24,28,35,38,87,0,319
2021-03-14,110,19,18,36,34,90,0,307
2021-03-15,108,29,35,36,42,82,0,332
2021-03-16,110,24,27,38,40,82,0,321
2021-03-17,114,28,36,40,42,78,0,338
2021-03-18,110,28,29,41,44,80,0,332
2021-03-19,121,28,27,43,40,85,0,344
2021-03-20,118,22,18,35,38,82,0,313
2021-03-21,114,20,15,31,31,81,0,292
2021-03-22,111,21,24,32,41,78,0,307
2021-03-23,106,22,26,31,39,79,0,303
2021-03-24,116,30,30,34,42,78,0,330
2021-03-25,110,31,28,37,44,82,0,332
2021-03-26,118,27,27,35,36,86,0,329
2021-03-27,120,22,21,28,37,84,0,312
2021-03-28,116,21,17,31,33,86,0,304
2021-03-29,116,28,24,43,39,84,0,334
2021-03-30,115,28,27,33,44,85,0,332
2021-03-31,114,27,26,31,43,85,0,326
2021-04-01,122,26,29,38,49,85,0,349
2021-04-02,110,25,22,37,39,87,0,320
2021-04-03,115,21,20,32,37,79,0,304
2021-04-04,109,19,14,30,33,82,0,287
2021-04-05,98,18,16,28,34,72,0,266
2021-04-06,107,25,27,36,42,74,0,311
2021-04-07,114,26,26,31,45,81,0,323
2021-04-08,114,20,24,32,41,81,0,312
2021-04-09,115,26,26,34,36,80,0,317
2021-04-10,113,21,25,30,36,82,0,307
2021-04-11,111,20,12,31,26,69,0,269
2021-04-12,112,29,25,31,38,74,0,309
2021-04-13,111,29,25,35,40,87,0,327
2021-04-14,116,21,23,32,42,82,0,316
2021-04-15,112,23,29,37,44,84,0,329
2021-04-16,117,29,29,40,39,82,0,336
2021-04-17,120,24,20,33,40,91,0,328
2021-04-18,115,18,14,29,33,84,0,293
2021-04-19,110,30,23,37,43,81,0,324
2021-04-20,109,27,28,38,43,80,0,325
2021-04-21,112,22,27,36,43,89,0,329
2021-04-22,117,24,27,36,44,84,0,332
2021-04-23,117,21,25,33,33,78,0,307
2021-04-24,117,24,18,30,40,90,0,319
2021-04-25,125,19,12,33,37,88,0,314
2021-04-26,110,23,27,31,41,88,0,320
2021-04-27,118,21,27,30,46,88,0,330
2021-04-28,118,22,23,32,41,92,0,328
2021-04-29,114,23,29,38,47,94,0,345
2021-04-30,120,21,25,41,46,89,0,342
2021-05-01,117,18,9,34,39,80,0,297
2021-05-02,112,20,14,33,34,89,0,302
2021-05-03,113,27,25,39,43,86,0,333
2021-05-04,114,22,22,39,45,82,0,324
2021-05-05,112,29,32,45,44,80,0,342
2021-05-06,114,27,30,45,46,78,0,340
2021-05-07,120,26,26,47,52,89,0,360
2021-05-08,125,20,16,49,35,97,0,342
2021-05-09,126,13,16,47,38,94,0,334
2021-05-10,115,24,27,56,43,85,0,350
2021-05-11,119,27,24,45,47,86,0,348
2021-05-12,120,25,26,45,41,82,0,339
2021-05-13,117,19,16,46,34,83,0,315
2021-05-14,110,25,26,51,36,80,0,328
2021-05-15,111,23,21,45,31,84,0,315
2021-05-16,112,22,19,46,33,79,0,311
2021-05-17,118,28,26,48,42,82,0,344
2021-05-18,117,26,34,51,40,84,0,352
2021-05-19,118,27,37,50,48,99,0,379
2021-05-20,128,35,39,51,52,94,0,399
2021-05-21,122,28,36,53,51,100,0,390
2021-05-22,123,26,30,51,46,98,0,374
2021-05-23,123,20,20,56,47,102,0,368
2021-05-24,115,22,23,49,41,89,0,339
2021-05-25,107,31,36,52,47,85,0,358
2021-05-26,118,30,39,58,47,85,0,377
2021-05-27,127,31,33,50,54,109,0,404
2021-05-28,134,35,33,57,48,100,0,407
2021-05-29,128,30,31,55,53,106,0,403
2021-05-30,129,21,19,53,41,102,0,365
2021-05-31,124,30,29,58,48,95,0,384
2021-06-01,129,30,34,55,55,102,0,405
2021-06-02,126,27,31,54,52,103,0,393
2021-06-03,127,28,40,49,50,94,0,388
2021-06-04,125,25,38,57,48,97,0,390
2021-06-05,123,22,27,61,46,100,0,379
2021-06-06,121,24,22,55,39,101,0,362
2021-06-07,119,31,31,54,53,99,0,387
2021-06-08,118,31,32,49,54,94,0,378
2021-06-09,125,30,31,56,55,98,0,395
2021-06-10,122,27,31,60,50,109,0,399
2021-06-11,126,35,37,58,54,106,0,416
2021-06-12,129,28,24,53,52,113,0,399
2021-06-13,130,21,22,56,41,110,0,380
2021-06-14,127,33,32,54,52,104,0,402
2021-06-15,128,30,27,56,53,105,0,399
2021-06-16,129,36,39,53,53,104,0,414
2021-06-17,123,27,30,59,50,99,0,388
2021-06-18,128,30,31,58,51,108,0,406
2021-06-19,126,24,25,56,46,112,0,389
2021-06-20,125,19,17,59,47,102,0,369
2021-06-21,126,24,37,72,57,103,0,419
2021-06-22,123,40,46,81,72,98,0,460
2021-06-23,125,33,41,72,68,95,0,434
2021-06-24,127,35,42,61,64,106,0,435
2021-06-25,126,36,49,69,66,106,0,452
2021-06-26,126,28,37,77,65,108,0,441
2021-06-27,126,24,37,65,57,107,0,416
2021-06-28,118,41,38,75,66,103,0,441
2021-06-29,127,40,48,65,58,97,0,435
2021-06-30,127,38,44,60,58,99,0,426
2021-07-01,129,38,53,69,59,107,0,455
2021-07-02,129,49,41,71,54,104,0,448
2021-07-03,130,32,33,64,57,111,0,427
2021-07-04,116,21,31,65,48,107,0,388
2021-07-05,128,29,32,60,51,100,0,400
2021-07-06,119,33,36,44,60,111,0,403
2021-07-07,118,35,35,45,62,102,0,397
2021-07-08,125,29,26,38,55,111,0,384
2021-07-09,122,37,35,48,53,106,0,401
2021-07-10,127,23,21,40,48,110,0,369
2021-07-11,125,19,16,38,41,116,0,355
2021-07-12,115,33,36,39,48,104,0,375
2021-07-13,117,27,30,41,41,95,0,351
2021-07-14,125,14,31,31,40,107,0,348
2021-07-15,128,51,34,45,52,115,0,425
2021-07-16,126,31,40,49,49,104,0,399
2021-07-17,130,21,25,32,48,112,0,368
2021-07-18,119,10,20,38,42,112,0,341
2021-07-19,121,31,30,39,45,108,0,374
2021-07-20,121,24,28,38,46,103,0,360
2021-07-21,118,34,27,47,53,105,0,384
2021-07-22,126,33,32,45,54,104,0,394
2021-07-23,125,31,32,51,49,105,0,393
2021-07-24,123,27,21,42,49,115,0,377
2021-07-25,125,25,19,45,41,110,0,365
2021-07-26,120,33,30,40,47,101,0,371
2021-07-27,127,35,32,38,46,105,0,383
2021-07-28,124,31,42,46,52,112,0,407
2021-07-29,120,27,31,40,42,108,0,368
2021-07-30,120,30,34,41,48,107,0,380
2021-07-31,122,28,25,44,46,117,0,382
2021-08-01,125,20,17,31,37,115,0,345
2021-08-02,120,39,30,43,55,107,0,394
2021-08-03,116,38,33,35,48,103,0,373
2021-08-04,119,31,30,37,42,112,0,371
2021-08-05,123,27,32,42,48,109,0,381
2021-08-06,116,37,27,49,45,99,0,373
2021-08-07,123,27,35,44,38,106,0,373
2021-08-08,120,25,18,38,36,114,0,351
2021-08-09,124,34,31,38,39,102,0,368
2021-08-10,120,31,24,42,41,101,0,359
2021-08-11,118,38,31,36,41,107,0,371
2021-08-12,122,31,30,32,39,115,0,369
2021-08-13,123,27,23,45,43,110,0,371
2021-08-14,123,25,20,34,44,124,0,370
2021-08-15,121,26,22,31,38,108,0,346
2021-08-16,122,37,36,41,45,106,0,387
2021-08-17,117,30,27,42,46,100,0,362
2021-08-18,116,31,26,42,37,113,0,365
2021-08-19,117,33,35,46,40,108,0,379
2021-08-20,122,40,32,44,41,115,0,394
2021-08-21,122,24,30,38,41,115,0,370
2021-08-22,121,20,19,41,34,103,0,338
2021-08-23,125,35,35,39,42,108,0,384
2021-08-24,123,36,36,41,47,112,0,395
2021-08-25,121,34,29,44,47,111,0,386
2021-08-26,121,43,37,52,48,111,0,412
2021-08-27,124,35,37,45,45,115,0,401
2021-08-28,130,24,25,53,51,117,0,400
2021-08-29,128,21,19,38,45,110,0,361
2021-08-30,121,35,30,41,55,109,0,391
2021-08-31,125,37,34,53,50,106,0,405
2021-09-01,126,35,36,48,56,108,0,409
2021-09-02,124,47,37,49,52,109,0,418
2021-09-03,136,44,41,57,51,117,0,446
2021-09-04,130,29,29,52,56,114,0,410
2021-09-05,129,16,23,50,48,111,0,377
2021-09-06,121,33,36,50,56,112,0,408
2021-09-07,126,40,46,52,53,110,0,427
2021-09-08,121,43,39,58,64,106,0,431
2021-09-09,124,43,36,55,55,111,0,424
2021-09-10,131,45,38,46,56,112,0,428
2021-09-11,130,23,27,48,52,123,0,403
2021-09-12,119,22,25,55,52,118,0,391
2021-09-13,123,43,36,63,59,106,0,430
2021-09-14,124,38,43,63,58,107,0,433
2021-09-15,126,46,42,60,62,102,0,438
2021-09-16,129,48,46,56,54,109,0,442
2021-09-17,130,44,51,62,66,113,0,466
2021-09-18,127,35,27,56,56,111,0,412
2021-09-19,130,31,21,59,52,111,0,404
2021-09-20,120,46,38,52,52,101,0,409
2021-09-21,121,41,40,59,61,102,0,424
2021-09-22,121,37,36,53,58,103,0,408
2021-09-23,127,39,39,50,55,105,0,415
2021-09-24,126,46,42,60,59,109,0,442
2021-09-25,130,38,31,54,53,114,0,420
2021-09-26,122,31,25,55,59,108,0,400
2021-09-27,118,43,42,56,51,100,0,410
2021-09-28,121,45,33,57,60,102,0,418
2021-09-29,126,51,50,64,53,95,0,439
2021-09-30,129,50,52,66,60,107,0,464
2021-10-01,122,47,49,64,61,104,0,447
2021-10-02,125,36,38,62,58,108,0,427
2021-10-03,120,33,29,50,48,97,0,377
2021-10-04,126,47,45,63,57,98,0,436
2021-10-05,125,41,58,64,52,94,0,434
2021-10-06,126,44,49,62,55,103,0,439
2021-10-07,121,38,45,58,61,102,0,425
2021-10-08,128,57,43,66,57,105,0,456
2021-10-09,125,36,28,66,62,125,0,442
2021-10-10,126,29,22,62,50,109,0,398
2021-10-11,117,42,38,67,54,102,0,420
2021-10-12,119,47,46,61,59,96,0,428
2021-10-13,123,42,38,65,51,92,0,411
2021-10-14,125,41,46,58,54,99,0,423
2021-10-15,128,54,45,66,62,105,0,460
2021-10-16,129,37,27,63,50,103,0,409
2021-10-17,131,19,28,64,54,117,0,413
2021-10-18,124,51,47,62,52,97,0,433
2021-10-19,122,39,41,52,54,100,0,408
2021-10-20,121,42,46,48,55,97,0,409
2021-10-21,124,41,43,53,54,98,0,413
2021-10-22,124,55,43,48,52,109,0,431
2021-10-23,132,37,32,51,52,110,0,414
2021-10-24,122,38,21,50,48,107,0,386
2021-10-25,119,50,43,51,54,105,0,422
2021-10-26,125,43,41,45,54,104,0,412
2021-10-27,126,53,48,56,53,99,0,435
2021-10-28,128,50,47,60,60,101,0,446
2021-10-29,121,39,40,55,49,96,0,400
2021-10-30,114,33,28,47,49,109,0,380
2021-10-31,118,28,22,49,48,107,0,372
2021-11-01,122,27,31,48,49,103,0,380
2021-11-02,122,43,40,44,51,100,0,400
2021-11-03,121,50,45,46,49,101,0,412
2021-11-04,116,58,61,53,54,98,0,440
2021-11-05,121,46,45,49,49,107,0,417
2021-11-06,127,36,35,41,49,109,0,397
2021-11-07,117,27,20,42,41,101,0,348
2021-11-08,126,45,37,45,50,99,0,402
2021-11-09,125,41,45,43,51,101,0,406
2021-11-10,125,42,41,52,55,103,0,418
2021-11-11,119,32,26,46,48,101,0,372
2021-11-12,119,48,42,55,56,101,0,421
2021-11-13,123,47,42,49,46,115,0,422
2021-11-14,117,38,22,49,45,107,0,378
2021-11-15,114,58,42,47,44,102,0,407
2021-11-16,126,59,59,62,52,100,0,458
2021-11-17,120,52,52,75,57,103,0,459
2021-11-18,125,48,43,73,56,105,0,450
2021-11-19,123,48,53,78,58,104,0,464
2021-11-20,122,37,46,72,63,107,0,447
2021-11-21,117,28,28,71,52,98,0,394
2021-11-22,116,49,44,70,55,97,0,431
2021-11-23,121,49,55,71,53,90,0,439
2021-11-24,119,42,50,75,61,95,0,442
2021-11-25,122,45,51,72,59,97,0,446
2021-11-26,125,45,48,75,59,106,0,458
2021-11-27,115,34,44,74,55,108,0,430
2021-11-28,115,43,24,77,52,94,0,405
2021-11-29,118,45,49,78,61,90,0,441
2021-11-30,117,42,45,65,59,95,0,423
2021-12-01,115,40,44,73,61,87,0,420
2021-12-02,124,51,51,69,59,98,0,452
2021-12-03,114,54,60,77,62,96,0,463
2021-12-04,124,40,44,84,56,105,0,453
2021-12-05,108,32,35,73,46,88,0,382
2021-12-06,3,2,2,3,2,3,0,15
2021-12-07,117,44,55,72,52,94,0,434
2021-12-08,125,50,46,72,60,99,0,452
2021-12-09,117,53,48,74,60,102,0,454
2021-12-10,117,47,50,77,53,97,0,441
2021-12-11,124,34,37,79,56,106,0,436
2021-12-12,115,30,35,75,46,98,0,399
2021-12-13,116,47,52,69,53,101,0,438
2021-12-14,122,51,50,71,52,94,0,440
2021-12-15,115,50,48,78,59,101,0,451
2021-12-16,121,51,51,76,63,101,0,463
2021-12-17,120,53,47,79,60,108,0,467
2021-12-18,126,44,34,81,54,107,0,446
2021-12-19,117,37,34,81,56,105,0,430
2021-12-20,120,48,53,74,56,106,0,457
2021-12-21,119,54,48,83,54,92,0,450
2021-12-22,115,46,41,75,58,88,0,423
2021-12-23,116,42,42,75,53,106,0,434
2021-12-24,112,45,39,73,51,88,0,408
2021-12-25,106,23,24,72,42,79,0,346
2021-12-26,106,31,23,76,47,94,0,377
2021-12-27,110,46,50,75,49,98,0,428
2021-12-28,114,44,41,71,58,94,0,422
2021-12-29,64,23,33,42,25,59,0,246
2021-12-30,4,1,2,3,2,5,0,17
2021-12-31,115,40,43,77,54,110,0,439
2022-01-01,114,32,23,70,53,98,0,390
2022-01-02,5,1,0,3,2,3,0,14
2022-01-03,114,46,40,77,54,96,0,427
2022-01-04,106,51,44,74,60,100,0,435
2022-01-05,128,59,48,75,59,90,0,459
2022-01-06,98,52,39,62,52,75,0,378
2022-01-07,35,16,17,29,14,27,0,138
2022-01-08,34,6,10,27,16,26,0,119
2022-01-09,113,30,27,77,57,91,0,395
2022-01-10,126,45,46,78,59,91,0,445
2022-01-11,10,0,3,9,4,9,0,35
2022-01-19,4,1,3,3,2,3,0,16
2022-01-20,84,43,47,48,33,66,0,321
2022-01-21,85,40,45,49,30,67,0,316
2022-01-22,81,32,40,47,31,72,0,303
2022-01-23,78,31,41,48,32,68,0,298
2022-01-24,75,40,38,44,29,66,0,292
2022-01-25,75,29,48,36,40,67,0,295
2022-01-26,80,32,55,47,33,66,0,313
2022-01-27,74,33,48,44,25,67,0,291
2022-01-28,75,27,38,43,29,68,0,280
2022-01-29,86,24,27,41,32,74,0,284
2022-01-30,80,28,39,44,34,70,0,295
2022-01-31,89,28,39,43,32,76,0,307
2022-02-01,91,27,22,52,32,74,0,298
2022-02-02,96,27,26,50,38,83,0,320
2022-02-03,97,25,29,50,37,80,0,318
2022-02-04,96,25,21,52,37,84,0,315
2022-02-05,99,23,15,53,41,81,0,312
2022-02-06,91,8,7,53,32,78,0,269
2022-02-07,112,36,36,65,63,93,0,405
2022-02-08,123,49,54,76,64,102,0,468
2022-02-09,128,49,34,79,68,103,0,461
2022-02-10,127,48,56,81,74,93,0,479
2022-02-11,129,62,50,82,66,100,0,489
2022-02-12,127,39,37,78,70,106,0,457
2022-02-13,121,38,22,78,60,95,0,414
2022-02-14,117,49,50,77,67,97,0,457
2022-02-15,122,49,55,78,66,95,0,465
2022-02-16,121,51,49,81,70,95,0,467
2022-02-17,127,63,46,76,68,109,0,489
2022-02-18,136,47,48,85,69,117,0,502
2022-02-19,129,52,44,81,72,106,0,484
2022-02-20,132,45,32,80,54,105,0,448
2022-02-21,125,52,54,80,67,106,0,484
2022-02-22,120,51,51,77,61,98,0,458
2022-02-23,123,49,42,77,72,98,0,461
2022-02-24,125,60,55,88,71,103,0,502
2022-02-25,131,55,48,80,69,95,0,478
2022-02-26,131,43,31,80,64,102,0,451
2022-02-27,121,45,32,76,61,95,0,430
2022-02-28,121,52,49,79,64,104,0,469
2022-03-01,122,62,46,80,61,100,0,471
2022-03-02,125,51,48,76,67,100,0,467
2022-03-03,119,50,53,81,68,108,0,479
2022-03-04,124,60,56,84,73,103,0,500
2022-03-05,128,42,40,80,72,110,0,472
2022-03-06,130,29,31,74,67,108,0,439
2022-03-07,120,48,47,79,71,93,0,458
2022-03-08,126,55,44,78,67,95,0,465
2022-03-09,129,54,52,78,70,108,0,491
2022-03-10,127,58,55,83,71,110,0,504
2022-03-11,126,48,53,77,75,103,0,482
2022-03-12,129,48,43,78,71,109,0,478
2022-03-13,113,35,26,77,61,99,0,411
2022-03-14,124,57,44,77,65,93,0,460
2022-03-15,123,55,50,78,62,97,0,465
2022-03-16,126,55,55,80,70,104,0,490
2022-03-17,125,52,48,75,69,102,0,471
2022-03-18,126,53,47,78,71,104,0,479
2022-03-19,131,37,34,82,64,113,0,461
2022-03-20,123,28,25,76,66,109,0,427
2022-03-21,133,61,43,83,68,98,0,486
2022-03-22,133,52,48,81,67,102,0,483
2022-03-23,129,54,43,78,68,100,0,472
2022-03-24,133,54,44,82,69,104,0,486
2022-03-25,138,57,49,79,67,101,0,491
2022-03-26,143,39,38,76,75,115,0,486
2022-03-27,134,43,29,78,72,117,0,473
2022-03-28,130,52,53,81,73,103,0,492
2022-03-29,133,43,53,79,69,105,0,482
2022-03-30,126,46,51,82,69,105,0,479
2022-03-31,125,50,50,80,67,103,0,475
2022-04-01,125,39,53,85,68,96,0,466
2022-04-02,124,45,39,83,68,110,0,469
2022-04-03,132,24,30,71,61,122,0,440
2022-04-04,124,50,47,80,69,108,0,478
2022-04-05,122,60,54,81,63,102,0,482
2022-04-06,126,58,62,80,70,100,0,496
2022-04-07,124,63,55,83,75,106,0,506
2022-04-08,114,50,58,85,71,86,0,464
2022-04-09,125,37,43,84,64,107,0,460
2022-04-10,126,33,32,78,70,104,0,443
2022-04-11,127,58,47,76,72,106,0,486
2022-04-12,135,44,54,71,63,106,0,473
2022-04-13,127,58,60,66,61,107,0,479
2022-04-14,127,49,57,56,64,105,0,458
2022-04-15,121,49,47,49,62,108,0,436
2022-04-16,125,43,38,42,60,108,0,416
2022-04-17,117,21,26,34,49,101,0,348
2022-04-18,123,26,30,36,50,109,0,374
2022-04-19,117,43,46,38,59,97,0,400
2022-04-20,127,44,45,45,66,103,0,430
2022-04-21,130,44,49,56,64,94,0,437
2022-04-22,125,45,45,45,64,108,0,432
2022-04-23,125,30,31,45,53,105,0,389
2022-04-24,125,23,24,36,49,117,0,374
2022-04-25,122,39,41,37,61,102,0,402
2022-04-26,115,37,41,48,61,105,0,407
2022-04-27,128,42,45,40,55,99,0,409
2022-04-28,123,50,48,48,62,108,0,439
2022-04-29,124,39,44,43,63,105,0,418
2022-04-30,123,31,31,48,58,108,0,399
2022-05-01,121,25,15,41,49,107,0,358
2022-05-02,117,46,45,43,56,102,0,409
2022-05-03,126,35,45,50,60,104,0,420
2022-05-04,123,38,43,47,64,106,0,421
2022-05-05,128,39,43,48,67,105,0,430
2022-05-06,125,41,44,47,56,114,0,427
2022-05-07,128,25,30,44,56,113,0,396
2022-05-08,117,21,22,40,50,111,0,361
2022-05-09,124,34,36,45,61,102,0,402
2022-05-10,123,39,45,45,59,110,0,421
2022-05-11,125,42,48,41,64,108,0,428
2022-05-12,125,37,49,45,58,110,0,424
2022-05-13,141,50,70,55,66,103,0,485
2022-05-14,135,42,73,51,66,103,0,470
2022-05-15,136,38,68,44,51,103,0,440
2022-05-16,129,53,81,50,64,102,0,479
2022-05-17,127,40,52,48,60,103,0,430
2022-05-18,133,35,48,45,65,110,0,436
2022-05-19,127,39,47,45,66,110,0,434
2022-05-20,124,39,44,56,57,104,0,424
2022-05-21,126,24,33,43,62,111,0,399
2022-05-22,124,25,22,35,55,111,0,372
2022-05-23,119,34,50,48,54,97,0,402
2022-05-24,117,37,49,51,57,97,0,408
2022-05-25,134,47,53,48,60,106,0,448
2022-05-26,125,28,37,48,58,120,0,416
2022-05-27,124,49,50,54,69,118,0,464
2022-05-28,128,34,32,50,56,114,0,414
2022-05-29,123,24,26,47,50,110,0,380
2022-05-30,121,35,46,40,60,101,0,403
2022-05-31,118,36,43,51,66,106,0,420
2022-06-01,130,38,48,48,62,110,0,436
2022-06-02,133,40,47,63,58,111,0,452
2022-06-03,130,39,45,58,66,112,0,450
2022-06-04,128,27,30,39,57,109,0,390
2022-06-05,128,20,29,41,47,107,0,372
2022-06-06,124,30,31,40,62,113,0,400
2022-06-07,127,43,55,47,58,107,0,437
2022-06-08,118,36,55,56,58,98,0,421
2022-06-09,133,40,51,50,62,112,0,448
2022-06-10,131,43,50,51,65,108,0,448
2022-06-11,133,30,39,48,60,122,0,432
2022-06-12,130,20,26,43,54,111,0,384
2022-06-13,126,39,42,50,62,111,0,430
2022-06-14,127,43,46,53,64,110,0,443
2022-06-15,128,37,47,51,61,119,0,443
2022-06-16,128,41,50,51,61,109,0,440
2022-06-17,126,36,48,53,63,113,0,439
2022-06-18,126,33,36,39,57,118,0,409
2022-06-19,124,20,27,39,49,104,0,363
2022-06-20,128,37,50,48,57,105,0,425
2022-06-21,135,41,60,65,67,118,0,486
2022-06-22,126,41,53,54,67,114,0,455
2022-06-23,64,26,31,24,31,51,0,227
2022-07-01,99,22,40,53,54,76,0,344
2022-07-02,132,32,41,52,60,117,0,434
2022-07-03,129,21,22,41,56,118,0,387
2022-07-04,132,40,47,40,58,113,0,430
2022-07-05,128,46,45,46,64,112,0,441
2022-07-06,132,35,48,50,63,117,0,445
2022-07-07,129,38,52,61,62,115,0,457
2022-07-08,136,43,52,50,59,110,0,450
2022-07-09,128,25,36,50,60,119,0,418
2022-07-10,123,23,24,47,52,117,0,386
2022-07-11,124,39,48,56,62,116,0,445
2022-07-12,125,37,44,49,63,109,0,427
2022-07-13,130,39,48,54,66,111,0,448
2022-07-14,129,26,36,38,59,121,0,409
2022-07-15,127,37,40,49,54,109,0,416
2022-07-16,130,24,32,44,52,116,0,398
2022-07-17,121,20,28,43,50,117,0,379
2022-07-18,65,26,33,28,31,58,0,241
2022-07-19,118,38,48,43,54,96,0,397
2022-07-20,10,2,2,3,2,8,0,27
2022-07-21,132,46,57,49,64,105,0,453
2022-07-22,119,27,63,43,58,78,0,388
2022-07-23,127,28,54,49,63,94,0,415
2022-07-24,123,11,30,38,50,95,0,347
2022-07-25,131,37,56,46,66,91,0,427
2022-07-26,20,0,6,5,6,15,0,52
2022-07-27,123,24,63,51,70,85,0,416
2022-07-28,86,19,39,30,39,57,0,270
2022-07-29,124,39,58,53,66,96,0,436
2022-07-30,129,27,46,43,67,102,0,414
2022-07-31,123,23,42,42,49,96,0,375
2022-08-01,132,30,64,48,63,97,0,434
2022-08-02,124,36,56,41,68,86,0,411
2022-08-03,123,49,60,39,62,88,0,421
2022-08-04,126,23,57,46,64,92,0,408
2022-08-05,124,32,59,46,62,99,0,422
2022-08-06,127,31,46,42,60,94,0,400
2022-08-07,120,22,41,48,49,92,0,372
2022-08-08,108,35,47,40,52,83,0,365
2022-08-09,43,6,20,15,15,30,0,129
2022-08-10,88,36,45,31,38,61,0,299
2022-08-11,118,41,58,49,53,90,0,409
2022-08-12,114,42,56,50,49,90,0,401
2022-08-13,119,29,40,41,55,96,0,380
2022-08-14,116,21,37,42,46,88,0,350
2022-08-15,121,26,43,41,48,90,0,369
2022-08-16,119,25,61,45,52,92,0,394
2022-08-17,114,40,61,52,57,93,0,417
2022-08-18,114,31,48,38,46,110,0,387
2022-08-19,14,2,0,4,7,13,0,40
2022-08-20,122,26,26,45,49,111,0,379
2022-08-21,120,21,19,39,49,110,0,358
2022-08-22,122,35,43,44,50,114,0,408
2022-08-23,122,31,50,46,58,114,0,421
2022-08-24,124,42,47,46,60,111,0,430
2022-08-25,127,34,44,41,55,113,0,414
2022-08-26,121,37,43,44,51,114,0,410
2022-08-27,123,22,34,40,56,117,0,392
2022-08-28,128,22,18,42,46,108,0,364
2022-08-29,127,32,43,42,59,109,0,412
2022-08-30,129,31,44,43,56,109,0,412
2022-08-31,130,39,49,38,62,112,0,430
2022-09-01,128,37,49,57,61,115,0,447
2022-09-02,83,26,38,29,34,63,0,273
2022-09-03,128,29,37,48,61,117,0,420
2022-09-04,126,23,27,42,45,119,0,382
2022-09-05,129,45,47,44,55,106,0,426
2022-09-06,124,34,43,50,53,100,0,404
2022-09-07,129,37,49,44,55,103,0,417
2022-09-08,130,38,50,44,52,103,0,417
2022-09-09,124,46,49,48,55,109,0,431
2022-09-10,124,33,37,44,54,114,0,406
2022-09-11,131,19,23,38,45,111,0,367
2022-09-12,124,42,51,38,59,107,0,421
2022-09-13,134,49,49,42,55,105,0,434
2022-09-14,37,14,13,10,11,31,0,116
2022-09-15,124,32,47,48,62,109,0,422
2022-09-16,129,39,49,48,57,114,0,436
2022-09-17,126,29,34,44,60,114,0,407
2022-09-18,126,21,24,35,47,114,0,367
2022-09-19,9,1,3,4,3,8,0,28
2022-09-20,128,36,43,50,56,102,0,415
2022-09-21,131,43,47,44,57,104,0,426
2022-09-22,124,43,52,45,63,109,0,436
2022-09-23,128,38,42,49,57,113,0,427
2022-09-24,130,25,31,43,57,115,0,401
2022-09-25,129,26,29,38,46,108,0,376
2022-09-26,121,37,49,39,55,101,0,402
2022-09-27,123,49,57,43,47,97,0,416
2022-09-28,129,44,51,43,58,101,0,426
2022-09-29,123,44,48,50,62,106,0,433
2022-09-30,126,46,56,49,57,108,0,442
2022-10-01,140,34,38,46,57,114,0,429
2022-10-02,127,34,36,38,50,108,0,393
2022-10-03,46,19,22,18,19,33,0,157
2022-10-06,85,22,28,21,43,76,0,275
2022-10-07,126,47,50,52,60,104,0,439
2022-10-08,127,35,35,40,51,109,0,397
2022-10-09,126,29,28,37,45,107,0,372
2022-10-10,122,53,49,36,56,99,0,415
2022-10-11,117,42,52,41,51,104,0,407
2022-10-12,130,49,47,42,61,102,0,431
2022-10-13,127,49,58,45,50,106,0,435
2022-10-14,128,44,48,45,52,98,0,415
2022-10-15,127,33,39,40,48,115,0,402
2022-10-16,129,24,31,36,42,109,0,371
2022-10-17,118,31,53,40,46,102,0,390
2022-10-18,130,41,61,35,54,112,0,433
2022-10-19,117,44,57,39,47,92,0,396
2022-10-20,10,2,2,2,4,8,0,28
2022-10-21,124,41,54,46,52,110,0,427
2022-10-22,134,34,37,40,56,121,0,422
2022-10-23,34,1,5,13,10,30,0,93
2022-10-24,123,49,52,40,56,103,0,423
2022-10-25,120,51,50,40,56,101,0,418
2022-10-26,126,41,51,42,54,108,0,422
2022-10-27,131,43,54,48,51,106,0,433
2022-10-28,129,47,50,36,55,109,0,426
2022-10-29,133,36,34,41,61,115,0,420
2022-10-30,100,30,19,35,40,92,0,316
2022-10-31,118,50,54,40,51,105,0,418
2022-11-01,123,32,32,37,47,101,0,372
2022-11-02,130,53,43,45,54,100,0,425
2022-11-03,123,46,53,42,59,97,0,420
2022-11-04,124,50,56,40,57,107,0,434
2022-11-05,132,31,39,36,51,117,0,406
2022-11-06,116,23,25,35,45,99,0,343
2022-11-07,86,26,33,27,33,66,0,271
2022-11-08,121,37,54,38,59,101,0,410
2022-11-09,122,41,52,39,54,106,0,414
2022-11-10,129,33,64,54,60,107,0,447
2022-11-11,123,30,37,39,52,114,0,395
2022-11-12,127,31,42,47,56,105,0,408
2022-11-13,120,31,21,40,40,103,0,355
2022-11-14,117,43,57,46,50,104,0,417
2022-11-15,129,43,55,43,51,95,0,416
2022-11-16,35,8,16,14,14,31,0,118
2022-11-17,121,45,56,40,54,94,0,410
2022-11-18,128,43,58,44,55,103,0,431
2022-11-19,129,33,44,47,54,110,0,417
2022-11-20,120,25,26,35,45,106,0,357
2022-11-21,113,42,58,44,56,95,0,408
2022-11-22,111,39,56,43,55,104,0,408
2022-11-23,123,40,62,38,50,93,0,406
2022-11-24,121,39,53,41,60,100,0,414
2022-11-25,25,4,11,8,9,26,0,83
2022-11-26,124,44,51,40,42,112,0,413
2022-11-27,116,23,26,34,42,98,0,339
2022-11-28,112,36,47,42,54,101,0,392
2022-11-29,125,41,54,42,52,105,0,419
2022-11-30,126,43,47,47,60,98,0,421
2022-12-01,121,41,51,45,54,96,0,408
2022-12-02,122,45,49,43,55,94,0,408
2022-12-03,125,26,40,37,52,105,0,385
2022-12-04,120,27,34,40,46,98,0,365
2022-12-05,111,40,48,41,46,92,0,378
2022-12-06,120,39,57,35,44,92,0,387
2022-12-07,123,43,50,41,48,106,0,411
2022-12-08,122,41,50,40,56,99,0,408
2022-12-09,124,49,43,48,56,95,0,415
2022-12-10,128,33,34,36,53,112,0,396
2022-12-11,110,24,20,43,43,92,0,332
2022-12-12,5,2,2,1,2,4,0,16
2022-12-13,121,44,56,38,51,94,0,404
2022-12-14,119,47,50,40,50,97,0,403
2022-12-15,125,47,53,44,56,99,0,424
2022-12-16,121,43,61,41,51,91,0,408
2022-12-17,112,39,35,39,46,98,0,369
2022-12-18,117,18,25,46,35,92,0,333
2022-12-19,106,34,50,43,50,95,0,378
2022-12-20,5,1,1,2,1,4,0,14
2022-12-21,122,27,45,42,53,93,0,382
2022-12-22,113,34,55,46,49,87,0,384
2022-12-23,109,33,41,40,51,98,0,372
2022-12-24,58,11,31,23,22,52,0,197
2022-12-25,110,21,17,40,30,83,0,301
2022-12-26,111,36,41,38,48,88,0,362
2022-12-27,116,33,42,41,44,94,0,370
2022-12-28,115,27,48,45,52,85,0,372
2022-12-29,116,35,55,53,52,91,0,402
2022-12-30,106,28,46,41,46,99,0,366
2022-12-31,116,27,30,47,49,105,0,374
2023-01-01,119,21,25,46,42,104,0,357
2023-01-02,115,32,53,33,41,93,0,367
2023-01-03,113,41,56,44,49,94,0,397
2023-01-04,111,28,43,41,47,87,0,357
2023-01-05,4,1,1,2,2,4,0,14
2023-01-06,120,30,49,41,62,93,0,395
2023-01-07,119,38,42,41,48,93,0,381
2023-01-08,119,27,27,40,47,99,0,359
2023-01-09,114,38,52,43,63,90,0,400
2023-01-10,116,33,48,40,50,95,0,382
2023-01-11,123,32,55,46,53,95,0,404
2023-01-12,127,31,53,48,59,90,0,408
2023-01-13,117,46,56,43,58,99,0,419
2023-01-14,117,23,41,38,46,93,0,358
2023-01-15,124,35,28,41,47,105,0,380
2023-01-16,108,48,59,45,51,91,0,402
2023-01-17,118,43,54,41,54,90,0,400
2023-01-18,128,38,52,44,53,98,0,413
2023-01-19,124,39,56,45,57,102,0,423
2023-01-20,126,46,53,43,58,95,0,421
2023-01-21,125,39,43,41,47,98,0,393
2023-01-22,71,15,20,30,23,57,0,216
2023-01-23,107,52,56,43,49,89,0,396
2023-01-24,112,34,56,40,44,88,0,374
2023-01-25,114,40,49,42,52,94,0,391
2023-01-26,112,31,52,42,52,90,0,379
2023-01-27,122,38,56,44,52,88,0,400
2023-01-28,120,34,38,33,45,98,0,368
2023-01-29,118,32,29,33,52,96,0,360
2023-01-30,116,30,47,40,51,90,0,374
2023-01-31,124,36,56,46,55,101,0,418
2023-02-01,124,39,56,42,53,95,0,409
2023-02-02,129,35,57,38,52,100,0,411
2023-02-03,125,34,53,38,54,98,0,402
2023-02-04,113,26,40,53,55,103,0,390
2023-02-05,120,32,28,42,44,101,0,367
2023-02-06,118,42,56,36,58,99,0,409
2023-02-07,123,32,54,48,55,101,0,413
2023-02-08,121,44,51,38,60,98,0,412
2023-02-09,121,35,52,38,53,94,0,393
2023-02-10,122,42,49,41,58,102,0,414
2023-02-11,124,34,39,46,52,99,0,394
2023-02-12,121,27,33,39,42,95,0,357
2023-02-13,114,35,58,42,58,97,0,404
2023-02-14,123,38,54,42,63,98,0,418
2023-02-15,115,38,46,41,61,99,0,400
2023-02-16,120,37,51,39,56,101,0,404
2023-02-17,127,43,48,40,57,101,0,416
2023-02-18,119,37,42,41,49,109,0,397
2023-02-19,115,26,31,37,45,102,0,356
2023-02-20,120,48,49,45,51,99,0,412
2023-02-21,116,41,47,41,60,98,0,403
2023-02-22,120,36,54,44,46,95,0,395
2023-02-23,123,38,48,44,59,97,0,409
2023-02-24,121,45,54,47,55,105,0,427
2023-02-25,116,35,33,38,47,101,0,370
2023-02-26,115,28,26,40,46,99,0,354
2023-02-27,112,44,49,41,52,101,0,399
2023-02-28,113,41,52,47,49,96,0,398
2023-03-01,113,49,46,50,52,90,0,400
2023-03-02,120,47,53,44,54,89,0,407
2023-03-03,120,43,50,41,55,100,0,409
2023-03-04,123,36,49,43,46,101,0,398
2023-03-05,121,11,24,35,38,105,0,334
2023-03-06,117,39,57,48,52,93,0,406
2023-03-07,124,35,58,46,55,99,0,417
2023-03-08,115,42,58,41,48,89,0,393
2023-03-09,4,1,2,2,2,5,0,16
2023-03-10,120,35,51,43,57,97,0,403
2023-03-11,115,30,30,38,51,104,0,368
2023-03-12,116,26,24,46,47,102,0,361
2023-03-13,113,38,44,34,53,92,0,374
2023-03-14,122,47,43,39,54,94,0,399
2023-03-15,128,43,49,50,60,97,0,427
2023-03-16,125,38,48,41,60,104,0,416
2023-03-17,123,42,45,45,59,98,0,412
2023-03-18,127,26,34,41,51,99,0,378
2023-03-19,120,18,24,37,48,101,0,348
2023-03-20,121,35,48,49,57,93,0,403
2023-03-21,129,44,52,45,67,100,0,437
2023-03-22,123,35,57,40,55,90,0,400
2023-03-23,5,1,1,2,1,5,0,15
2023-03-24,127,44,56,41,51,102,0,421
2023-03-25,124,27,37,44,53,102,0,387
2023-03-26,113,26,27,37,46,94,0,343
2023-03-27,112,34,45,39,57,91,0,378
2023-03-28,110,37,48,40,59,90,0,384
2023-04-02,7,3,4,2,3,7,0,26
2023-04-03,119,36,45,48,60,101,0,409
2023-04-04,123,33,52,44,61,97,0,410
2023-04-05,127,38,48,43,57,104,0,417
2023-04-06,125,41,50,48,62,97,0,423
2023-04-07,123,41,45,47,59,102,0,417
2023-04-08,118,37,35,44,58,100,0,392
2023-04-09,119,22,18,39,48,95,0,341
2023-04-10,112,22,29,39,52,100,0,354
2023-04-11,117,33,51,46,64,92,0,403
2023-04-12,99,32,44,48,50,79,0,352
2023-04-13,126,26,51,59,64,101,0,427
2023-04-14,125,33,62,56,61,103,0,440
2023-04-15,127,27,38,47,57,98,0,394
2023-04-16,120,26,25,40,54,94,0,359
2023-04-17,119,40,50,46,63,93,0,411
2023-04-18,123,37,50,43,57,99,0,409
2023-04-19,40,11,14,15,12,31,0,123
2023-04-20,124,44,46,48,63,108,0,433
2023-04-21,124,42,41,44,60,98,0,409
2023-04-22,122,44,29,42,58,103,0,398
2023-04-23,115,30,31,41,53,93,0,363
2023-04-24,117,38,45,48,55,91,0,394
2023-04-25,123,37,51,44,58,91,0,404
2023-04-26,118,36,48,50,54,100,0,406
2023-04-27,122,43,54,49,57,93,0,418
2023-04-28,127,44,56,48,60,93,0,428
2023-04-29,122,28,40,47,58,100,0,395
2023-04-30,115,24,21,37,52,105,0,354
2023-05-01,118,24,25,37,54,100,0,358
2023-05-02,116,40,47,42,56,91,0,392
2023-05-03,10,3,1,2,5,9,0,30
2023-05-04,122,36,52,43,64,104,0,421
2023-05-05,127,46,45,43,64,100,0,425
2023-05-06,126,25,38,46,60,106,0,401
2023-05-07,115,25,24,44,48,85,0,341
2023-05-08,124,26,23,37,50,95,0,355
2023-05-09,120,34,53,51,58,92,0,408
2023-05-10,125,45,52,49,63,93,0,427
2023-05-11,125,47,61,55,75,96,0,459
2023-05-12,130,46,54,52,61,92,0,435
2023-05-13,132,38,39,49,54,105,0,417
2023-05-14,123,22,28,40,62,95,0,370
2023-05-15,115,36,48,44,60,93,0,396
2023-05-16,128,42,46,51,61,98,0,426
2023-05-17,125,42,50,47,65,100,0,429
2023-05-18,117,40,38,42,58,104,0,399
2023-05-19,116,45,50,44,62,97,0,414
2023-05-20,122,35,36,39,58,104,0,394
2023-05-21,116,24,30,40,55,102,0,367
2023-05-22,112,35,45,46,54,90,0,382
2023-07-23,10,2,1,3,4,9,0,29
2023-07-24,130,31,43,51,57,95,0,407
2023-07-25,124,31,46,54,58,91,0,404
2023-07-26,131,30,46,50,64,102,0,423
2023-07-27,121,40,49,54,64,97,0,425
2023-07-28,124,39,47,46,55,94,0,405
2023-07-29,123,31,30,46,60,104,0,394
2023-07-30,125,24,30,40,53,102,0,374
2023-07-31,117,38,40,45,56,94,0,390
2023-08-01,128,37,48,49,55,96,0,413
2023-08-02,111,29,47,48,64,91,0,390
2023-08-03,120,41,44,47,64,102,0,418
2023-08-04,119,41,49,45,58,106,0,418
2023-08-05,114,26,42,44,53,101,0,380
2023-08-06,119,25,31,37,47,98,0,357
2023-08-07,117,38,41,43,54,98,0,391
2023-08-08,125,37,42,37,60,107,0,408
2023-08-09,133,42,42,48,59,107,0,431
2023-08-10,124,43,47,49,60,101,0,424
2023-08-11,116,38,43,45,54,101,0,397
2023-08-12,120,24,34,35,49,99,0,361
2023-08-13,121,24,26,35,56,105,0,367
2023-08-14,120,38,35,43,58,100,0,394
2023-08-15,116,21,26,40,54,102,0,359
2023-08-16,125,37,40,44,59,106,0,411
2023-08-17,128,35,49,45,55,101,0,413
2023-08-18,120,38,43,47,54,105,0,407
2023-08-19,120,26,34,52,55,101,0,388
2023-08-20,67,9,19,24,24,57,0,200
2023-08-21,115,42,46,49,56,96,0,404
2023-08-22,123,41,45,49,53,101,0,412
2023-08-23,130,38,44,44,57,102,0,415
2023-08-24,128,43,49,44,64,102,0,430
2023-08-25,117,39,43,48,61,97,0,405
2023-08-26,122,23,34,41,52,95,0,367
2023-08-27,123,23,27,39,55,99,0,366
2023-08-28,125,45,47,48,58,89,0,412
2023-08-29,128,42,47,53,69,90,0,429
2023-08-30,132,40,47,48,60,87,0,414
2023-08-31,127,56,53,51,58,88,0,433
2023-09-01,119,34,47,39,57,87,0,383
2023-09-03,11,2,1,5,3,8,0,30
2023-09-04,25,3,5,6,5,14,0,58
2023-09-05,135,44,41,48,63,89,0,420
2023-09-06,138,60,59,58,63,92,0,470
2023-09-07,134,50,54,62,68,92,0,460
2023-09-08,131,41,51,40,62,93,0,418
2023-09-09,136,40,43,59,75,84,0,437
2023-09-10,125,30,31,49,67,90,0,392
2023-09-11,124,48,46,51,61,94,0,424
2023-09-12,123,37,53,67,64,82,0,426
2023-09-13,106,42,50,53,52,86,0,389
2023-09-14,88,34,28,37,28,78,0,293
2023-09-15,82,34,30,38,31,73,0,288
2023-09-16,80,32,29,33,31,75,0,280
2023-09-17,85,25,17,27,27,75,0,256
2023-09-18,91,36,40,44,31,71,0,313
2023-09-19,87,44,29,37,35,75,0,307
2023-09-20,92,35,39,39,33,75,0,313
2023-09-21,88,29,42,45,37,80,0,321
2023-09-22,87,34,37,49,38,77,0,322
2023-09-23,85,34,22,37,31,79,0,288
2023-09-24,81,25,19,32,28,75,0,260
2023-09-25,76,32,30,33,25,68,0,264
2023-09-26,8,5,1,6,2,6,0,28
2023-09-27,91,56,51,51,36,78,0,363
2023-09-28,86,37,40,39,32,77,0,311
2023-09-29,93,47,44,46,34,74,0,338
2023-09-30,90,55,36,41,34,76,0,332
2023-10-01,89,42,19,45,27,72,0,294
2023-10-02,92,53,38,54,34,73,0,344
2023-10-03,89,49,42,56,42,85,0,363
2023-10-04,91,51,41,56,42,79,0,360
2023-10-05,91,53,44,48,44,80,0,360
2023-10-06,99,50,37,56,38,77,0,357
2023-10-07,101,50,41,59,41,78,0,370
2023-10-08,97,53,27,54,43,79,0,353
2023-10-09,96,52,46,60,32,70,0,356
2023-10-10,83,43,33,47,35,62,0,303
2023-10-11,9,4,0,5,3,6,0,27
2023-10-12,90,42,39,43,37,75,0,326
2023-10-13,88,31,46,48,29,74,0,316
2023-10-14,85,28,23,45,32,71,0,284
2023-10-15,83,41,13,41,28,73,0,279
2023-10-16,83,48,28,45,28,78,0,310
2023-10-17,83,48,26,38,32,72,0,299
2023-10-18,77,31,37,40,29,73,0,287
2023-10-19,82,31,33,42,28,66,0,282
2023-10-20,79,27,36,36,32,71,0,281
2023-10-21,77,26,41,37,32,73,0,286
2023-10-22,79,25,23,38,24,75,0,264
2023-10-23,82,33,37,40,28,73,0,293
2023-10-24,115,39,54,53,52,97,0,410
2023-10-25,124,46,54,57,59,93,0,433
2023-10-26,121,44,56,52,54,92,0,419
2023-10-27,122,38,53,48,50,99,0,410
2023-10-28,127,25,46,43,45,105,0,391
2023-10-29,117,25,23,41,45,73,0,324
2023-10-30,5,0,1,2,2,4,0,14
2023-10-31,120,51,53,36,58,98,0,416
2023-11-01,110,35,37,37,47,93,0,359
2023-11-02,125,48,61,42,53,87,0,416
2023-11-03,126,49,57,43,60,95,0,430
2023-11-04,123,31,41,41,51,79,0,366
2023-11-05,113,21,26,37,47,87,0,331
2023-11-06,117,45,59,39,54,84,0,398
2023-11-07,120,52,60,45,58,91,0,426
2023-11-08,126,48,60,46,57,89,0,426
2023-11-09,123,50,57,46,56,82,0,414
2023-11-10,119,43,61,49,61,81,0,414
2023-11-11,128,31,37,36,52,88,0,372
2023-11-12,118,31,34,35,53,82,0,353
2023-11-13,113,33,56,38,55,72,0,367
2023-11-14,4,2,1,1,3,3,0,14
2023-11-15,118,51,55,45,63,90,0,422
2023-11-16,110,46,58,42,49,68,0,373
2023-11-17,124,39,49,43,54,82,0,391
2023-11-18,109,32,47,43,48,78,0,357
2023-11-19,129,24,27,37,50,79,0,346
2023-11-20,114,45,50,40,53,84,0,386
2023-11-21,122,36,54,38,57,76,0,383
2023-11-22,125,43,59,47,59,82,0,415
2023-11-23,122,33,59,37,60,89,0,400
2023-11-24,119,49,52,33,55,87,0,395
2023-11-26,4,1,1,2,1,2,0,11
2023-11-27,104,45,57,38,51,68,0,363
2023-11-28,124,42,56,41,57,79,0,399
2023-11-29,57,22,37,21,29,43,0,209
2023-11-30,127,50,60,46,57,78,0,418
2023-12-01,117,38,57,47,60,85,0,404
2023-12-02,27,8,8,7,13,16,0,79
2023-12-03,110,26,25,35,45,81,0,322
2023-12-04,107,35,58,35,52,80,0,367
2023-12-05,25,5,10,9,10,20,0,79
2023-12-06,125,43,53,43,55,89,0,408
2023-12-07,32,14,13,11,9,25,0,104
2023-12-08,118,38,51,42,55,80,0,384
2023-12-09,117,28,40,42,48,78,0,353
2023-12-10,118,23,25,38,49,75,0,328
2023-12-11,124,42,54,36,56,78,0,390
2023-12-12,113,36,49,33,56,80,0,367
2023-12-13,5,1,1,1,1,4,0,13
2023-12-14,128,35,57,40,59,83,0,402
2023-12-15,127,40,59,51,60,85,0,422
2023-12-16,125,39,42,41,58,88,0,393
2023-12-17,118,32,29,38,48,81,0,346
2023-12-18,119,47,48,42,56,82,0,394
2023-12-19,123,42,54,41,49,87,0,396
2023-12-20,124,31,51,42,58,83,0,389
2023-12-21,118,35,49,41,57,78,0,378
2024-01-02,3,0,1,3,1,4,0,12
2024-01-03,114,34,50,32,52,74,0,356
2024-01-04,109,40,57,42,55,78,0,381
2024-01-05,112,42,48,46,56,83,0,387
2024-01-06,125,32,35,39,50,84,0,365
2024-01-07,110,28,23,37,36,79,0,313
2024-01-08,108,35,44,39,49,72,0,347
2024-01-09,105,35,47,43,53,71,0,354
2024-01-10,114,38,51,40,61,83,0,387
2024-01-11,119,50,53,42,55,81,0,400
2024-01-12,118,43,52,42,52,79,0,386
2024-01-13,111,32,45,40,47,78,0,353
2024-01-14,102,28,26,33,44,75,0,308
2024-01-15,117,30,48,39,47,76,0,357
2024-01-16,109,34,55,38,50,87,0,373
2024-01-17,106,35,50,37,49,70,0,347
2024-01-18,115,32,55,45,51,78,0,376
2024-01-19,121,43,49,43,59,74,0,389
2024-01-20,112,36,41,38,60,81,0,368
2024-01-21,114,27,23,32,49,81,0,326
2024-01-22,111,40,50,39,56,72,0,368
2024-01-23,120,36,58,37,53,80,0,384
2024-01-24,123,38,57,42,59,74,0,393
2024-01-25,124,40,62,40,56,85,0,407
2024-01-26,120,49,48,40,57,84,0,398
2024-01-27,117,50,43,43,56,85,0,394
2024-01-28,118,31,22,45,52,76,0,344
2024-01-29,113,38,49,41,53,83,0,377
2024-01-30,113,46,49,44,56,83,0,391
2024-01-31,117,41,56,35,59,77,0,385
2024-02-01,115,44,53,37,55,78,0,382
2024-02-02,117,39,61,41,56,86,0,400
2024-02-03,118,32,35,40,47,81,0,353
2024-02-04,118,23,18,35,44,83,0,321
2024-02-05,114,41,52,45,54,82,0,388
2024-02-06,124,54,57,42,54,89,0,420
2024-02-07,116,41,65,39,44,80,0,385
2024-02-08,123,49,55,39,55,79,0,400
2024-02-09,124,42,57,47,56,80,0,406
2024-02-10,110,26,38,38,47,80,0,339
2024-02-11,113,29,20,37,47,75,0,321
2024-02-12,109,42,55,40,45,78,0,369
2024-02-13,118,50,56,42,65,86,0,417
2024-02-14,123,36,46,43,57,78,0,383
2024-02-15,118,53,53,45,57,80,0,406
2024-02-16,122,55,57,43,55,92,0,424
2024-02-17,121,40,45,43,53,92,0,394
2024-02-18,106,30,26,38,38,79,0,317
2024-02-19,121,50,65,40,51,88,0,415
2024-02-20,117,44,48,44,56,86,0,395
2024-02-21,114,47,60,39,44,86,0,390
2024-02-22,113,37,50,37,44,82,0,363
2024-02-23,110,62,52,45,52,87,0,408
2024-02-24,118,45,41,35,52,96,0,387
2024-02-25,111,24,30,33,40,92,0,330
2024-02-26,112,40,52,34,48,77,0,363
2024-02-27,57,29,32,22,25,45,0,210
2024-02-28,128,42,61,41,57,85,0,414
2024-02-29,118,43,61,40,52,101,0,415
2024-03-01,122,60,59,46,60,87,0,434
2024-03-02,109,38,48,42,51,81,0,369
2024-03-03,118,14,29,35,43,86,0,325
2024-03-04,122,56,61,48,56,87,0,430
2024-03-05,126,47,52,47,53,85,0,410
2024-03-06,123,50,44,44,55,96,0,412
2024-03-07,133,45,54,43,60,88,0,423
2024-03-08,123,50,56,49,55,95,0,428
2024-03-09,113,29,36,36,55,92,0,361
2024-03-10,109,27,19,37,48,88,0,328
2024-03-11,123,52,57,40,54,85,0,411
2024-03-12,121,43,61,42,51,79,0,397
2024-03-13,112,44,57,44,59,83,0,399
2024-03-14,123,44,53,47,65,83,0,415
2024-03-15,123,42,50,38,57,83,0,393
2024-03-16,127,38,47,42,51,98,0,403
2024-03-17,107,22,21,35,46,79,0,310
2024-03-18,121,46,47,43,57,81,0,395
2024-03-19,121,44,57,41,66,89,0,418
2024-03-20,127,56,55,48,61,81,0,428
2024-03-21,126,51,56,43,64,85,0,425
2024-03-22,127,41,55,42,61,79,0,405
2024-03-23,116,36,41,35,54,83,0,365
2024-03-24,113,29,29,40,53,88,0,352
2024-03-25,118,37,52,42,60,93,0,402
2024-03-26,118,58,53,40,53,75,0,397
2024-03-27,125,39,51,45,60,86,0,406
2024-03-28,118,54,57,45,63,93,0,430
2024-03-29,80,35,38,30,41,56,0,280
2024-04-01,49,16,9,13,19,41,0,147
2024-04-02,120,45,55,41,57,87,0,405
2024-04-03,119,47,57,44,60,87,0,414
2024-04-04,94,29,38,33,47,69,0,310
2024-04-05,119,38,59,39,57,80,0,392
2024-04-06,124,33,41,38,55,90,0,381
2024-04-07,122,22,33,34,41,110,0,362
2024-04-08,131,49,52,43,65,87,0,427
2024-04-09,112,46,52,45,58,82,0,395
2024-04-10,122,44,52,46,64,93,0,421
2024-04-11,118,37,56,39,59,85,0,394
2024-04-12,10,3,1,2,3,7,0,26
2024-04-13,128,48,42,46,64,86,0,414
2024-04-14,123,26,35,35,60,80,0,359
2024-04-15,120,42,50,45,50,87,0,394
2024-04-16,115,52,51,44,56,77,0,395
2024-04-17,118,43,56,44,59,86,0,406
2024-04-18,126,44,46,37,64,80,0,397
2024-04-19,113,50,46,50,56,74,0,389
2024-04-20,121,36,41,48,55,79,0,380
2024-04-21,111,25,24,36,50,74,0,320
2024-04-22,123,43,51,44,49,76,0,386
2024-04-23,124,45,56,51,63,78,0,417
2024-04-24,125,45,61,48,70,84,0,433
2024-04-25,133,40,69,49,83,82,0,456
2024-04-26,126,51,71,49,77,88,0,462
2024-04-27,116,32,43,36,61,80,0,368
2024-04-28,113,32,38,47,48,82,0,360
2024-04-29,128,51,58,55,64,79,0,435
2024-04-30,126,51,60,49,50,81,0,417
2024-05-01,56,13,17,20,14,29,0,149
2024-05-02,7,1,2,3,2,5,0,20
2024-05-03,117,45,57,50,58,79,0,406
2024-05-06,7,3,0,2,3,4,0,19
2024-05-07,45,33,26,23,23,18,0,168
2024-05-09,8,3,2,3,2,2,0,20
2024-05-10,124,45,62,47,70,61,0,409
2024-05-11,122,40,45,43,65,62,0,377
2024-05-12,115,27,33,34,49,58,0,316
2024-05-13,127,49,50,46,65,62,0,399
2024-05-14,118,49,56,45,54,52,0,374
2024-05-15,127,47,65,47,67,55,0,408
2024-05-16,135,59,64,54,71,77,0,460
2024-05-17,132,49,61,46,63,67,0,418
2024-05-18,129,34,43,43,66,66,0,381
2024-05-19,127,28,34,39,55,60,0,343
2024-05-20,117,33,43,41,55,58,0,347
2024-05-21,121,43,61,50,59,81,0,415
2024-05-22,121,38,57,47,60,80,0,403
2024-05-23,124,45,52,54,67,77,0,419
2024-05-24,131,40,62,53,63,73,0,422
2024-05-25,126,34,45,40,65,75,0,385
2024-05-26,126,22,39,39,58,73,0,357
2024-05-27,121,44,52,45,62,75,0,399
2024-05-28,116,57,55,54,56,48,0,386
2024-05-29,118,53,54,58,49,42,0,374
2024-05-30,123,65,62,57,62,57,0,426
2024-05-31,128,59,57,51,54,51,0,400
2024-06-01,114,39,39,56,44,44,0,336
2024-06-02,118,30,32,39,43,51,0,313
2024-06-03,119,51,55,45,66,61,0,397
2024-06-04,132,53,51,37,62,70,0,405
2024-06-05,129,47,61,45,62,78,0,422
2024-06-06,130,46,58,47,76,85,0,442
2024-06-07,137,51,66,52,82,87,0,475
2024-06-08,129,30,49,52,82,96,0,438
2024-06-09,125,24,41,40,69,92,0,391
2024-06-10,118,44,61,40,62,83,0,408
2024-06-11,63,27,36,20,30,40,0,216
2024-06-12,118,46,54,41,70,76,0,405
2024-06-22,11,2,3,3,5,7,0,31
2024-06-23,128,29,45,47,76,80,0,405
2024-06-24,136,43,67,61,79,91,0,477
2024-06-25,135,36,63,57,72,89,0,452
2024-06-26,137,41,66,51,79,86,0,460
2024-06-27,128,47,60,47,77,83,0,442
2024-07-09,8,1,3,5,6,6,0,29
2024-07-10,134,45,55,46,71,89,0,440
2024-07-11,131,39,60,50,74,89,0,443
2024-07-12,135,52,70,57,83,85,0,482
2024-07-13,129,33,68,49,73,86,0,438
2024-07-14,133,16,54,41,72,105,0,421
2024-07-15,139,53,62,54,87,86,0,481
2024-07-16,134,58,77,65,83,85,0,502
2024-07-17,143,47,70,62,93,80,0,495
2024-07-18,139,31,61,49,88,107,0,475
2024-07-19,142,30,64,50,87,112,0,485
2024-07-20,140,11,52,48,85,108,0,444
2024-07-21,141,4,44,37,68,106,0,400
2024-07-22,136,21,48,44,77,108,0,434
2024-07-23,134,25,57,49,72,102,0,439
2024-07-24,138,30,64,50,77,107,0,466
2024-07-25,136,32,60,56,80,107,0,471
2024-07-26,145,23,48,50,63,107,0,436
2024-07-27,126,30,62,44,62,87,0,411
2024-07-28,133,25,56,40,81,94,0,429
2024-07-29,145,41,72,57,93,97,0,505
2024-07-30,135,39,72,52,93,89,0,480
2024-07-31,135,42,73,60,80,84,0,474
2024-08-01,135,43,68,63,89,85,0,483
2024-08-02,137,38,70,65,88,92,0,490
2024-08-03,141,28,66,54,80,86,0,455
2024-08-04,130,17,48,48,82,84,0,409
2024-08-05,136,37,63,62,100,92,0,490
2024-08-06,137,40,72,57,93,86,0,485
2024-08-07,138,40,73,54,93,83,0,481
2024-08-08,133,45,73,54,90,87,0,482
2024-08-09,143,61,89,90,106,84,0,573
2024-08-10,153,14,64,67,118,125,0,541
2024-08-11,138,10,45,46,97,106,0,442
2024-08-12,131,34,58,45,82,94,0,444
2024-08-13,134,42,65,52,68,83,0,444
2024-08-14,128,35,52,51,73,94,0,433
2024-08-15,118,23,47,40,74,90,0,392
2024-08-16,125,33,54,45,63,83,0,403
2024-08-17,113,20,43,37,52,73,0,338
2024-08-18,121,23,41,36,62,79,0,362
2024-08-19,118,33,51,44,75,85,0,406
2024-08-20,115,31,65,39,59,74,0,383
2024-08-21,134,36,50,43,74,78,0,415
2024-08-22,130,40,57,39,70,92,0,428
2024-08-23,122,39,51,37,60,76,0,385
2024-08-24,122,34,43,43,66,81,0,389
2024-08-25,128,22,38,35,72,94,0,389
2024-08-26,134,32,55,41,75,101,0,438
2024-08-27,130,33,62,38,82,98,0,443
2024-08-28,129,20,64,40,81,104,0,438
2024-08-29,133,35,66,37,80,94,0,445
2024-08-30,125,36,62,36,59,74,0,392
2024-08-31,131,29,48,42,63,84,0,397
2024-09-01,130,24,49,36,70,95,0,404
2024-09-02,135,32,52,40,66,91,0,416
2024-09-03,130,39,57,44,72,93,0,435
2024-09-04,138,41,64,44,82,90,0,459
2024-09-05,126,45,58,40,59,83,0,411
2024-09-06,146,33,68,45,79,92,0,463
2024-09-07,131,22,53,40,66,84,0,396
2024-09-08,121,21,42,34,65,90,0,373
2024-09-09,123,32,60,38,56,86,0,395
2024-09-10,131,35,64,47,72,89,0,438
2024-09-11,127,41,62,40,81,89,0,440
2024-09-12,138,31,59,51,69,88,0,436
2024-09-13,132,41,60,46,67,86,0,432
2024-09-14,134,32,47,33,61,86,0,393
2024-09-15,136,27,40,42,65,76,0,386
2024-09-16,132,45,54,41,58,73,0,403
2024-09-17,136,51,61,41,68,78,0,435
2024-09-18,135,41,60,47,68,85,0,436
2024-09-19,132,45,63,51,70,75,0,436
2024-09-20,134,47,67,43,59,76,0,426
2024-09-21,136,29,49,39,56,77,0,386
2024-09-22,126,28,36,39,51,54,0,334
2024-09-23,128,46,60,46,61,65,0,406
2024-09-24,133,46,64,48,55,73,0,419
2024-09-25,121,39,62,48,53,70,0,393
2024-09-26,132,33,69,52,60,77,0,423
2024-09-27,135,39,74,45,64,85,0,442
2024-09-28,136,37,54,44,60,92,0,423
2024-09-29,130,25,44,43,53,82,0,377
2024-09-30,129,53,64,43,62,77,0,428
2024-10-01,133,50,72,45,65,84,0,449
2024-10-02,127,54,56,50,60,76,0,423
2024-10-03,129,51,61,48,58,78,0,425
2024-10-06,9,2,2,3,4,2,0,22
2024-10-07,123,45,60,41,50,72,0,391
2024-10-08,9,2,5,5,3,4,0,28
2024-10-09,112,50,67,58,43,62,0,392
2024-10-10,120,47,73,42,59,86,0,427
2024-10-11,133,47,66,48,62,87,0,443
2024-10-12,131,49,54,50,57,80,0,421
2024-10-13,126,31,39,40,58,85,0,379
2024-10-14,136,52,69,46,64,88,0,455
2024-10-15,136,48,71,59,70,82,0,466
2024-10-16,138,50,64,52,57,78,0,439
2024-10-17,139,54,69,56,61,81,0,460
2024-10-18,139,49,68,48,62,79,0,445
2024-10-19,129,24,49,41,55,81,0,379
2024-10-20,127,18,41,46,47,82,0,361
2024-10-21,124,33,61,43,68,83,0,412
2024-10-22,132,30,58,44,65,90,0,419
2024-10-23,136,35,67,45,60,82,0,425
2024-10-24,136,48,70,48,64,82,0,448
2024-10-25,140,55,71,61,61,87,0,475
2024-10-26,134,42,64,59,60,85,0,444
2024-10-27,123,32,42,48,51,84,0,380
2024-10-28,128,48,74,51,61,84,0,446
2024-10-29,136,53,63,54,58,80,0,444
2024-10-30,133,58,61,52,64,77,0,445
2024-10-31,127,46,63,51,71,79,0,437
2024-11-01,128,33,43,39,61,78,0,382
2024-11-02,115,33,57,46,50,79,0,380
2024-11-03,116,27,35,40,53,84,0,355
2024-11-04,120,43,67,67,59,96,0,452
2024-11-05,118,48,66,51,60,88,0,431
2024-11-06,125,56,64,47,65,85,0,442
2024-11-07,127,48,69,61,65,88,0,458
2024-11-08,129,57,69,48,60,83,0,446
2024-11-09,124,51,59,46,58,83,0,421
2024-11-10,123,39,36,39,58,89,0,384
2024-11-11,115,41,52,37,43,83,0,371
2024-11-12,123,49,62,43,55,81,0,413
2024-11-13,125,54,65,55,59,87,0,445
2024-11-14,132,50,68,57,58,89,0,454
2024-11-15,132,48,71,45,54,81,0,431
2024-11-16,121,34,49,46,60,87,0,397
2024-11-17,115,28,44,36,51,83,0,357
2024-11-18,126,39,65,47,50,77,0,404
2024-11-19,124,42,64,51,57,80,0,418
2024-11-20,126,34,75,48,61,87,0,431
2024-11-21,117,53,62,52,47,76,0,407
2024-11-22,123,53,69,48,58,73,0,424
2024-11-23,121,28,50,51,59,80,0,389
2024-11-24,130,32,36,43,59,77,0,377
2024-11-25,119,52,61,51,58,82,0,423
2024-11-26,132,48,69,48,65,88,0,450
2024-11-27,130,55,68,52,55,84,0,444
2024-11-28,128,52,69,57,64,92,0,462
2024-11-29,133,45,73,56,61,82,0,450
2024-11-30,120,31,56,38,61,82,0,388
2024-12-01,117,23,35,37,51,81,0,344
2024-12-02,129,53,61,56,60,86,0,445
2024-12-03,128,58,67,45,55,91,0,444
2024-12-04,131,43,67,46,65,86,0,438
2025-01-22,4,1,2,1,2,2,0,12
2025-01-23,136,51,71,58,59,87,0,462
2025-01-24,132,55,60,48,59,71,0,425
2025-01-25,129,35,51,46,51,80,0,392
2025-01-26,115,31,44,37,45,77,0,349
2025-01-27,123,54,69,48,60,84,0,438
2025-01-28,129,44,69,58,62,81,0,443
2025-01-29,115,48,72,51,50,81,0,417
2025-01-30,125,61,63,48,60,91,0,448
2025-01-31,121,51,69,49,54,80,0,424
2025-02-01,122,34,55,47,53,85,0,396
2025-02-02,120,27,33,35,52,74,0,341
2025-02-03,113,40,63,44,54,73,0,387
2025-02-04,114,42,60,44,54,74,0,388
2025-02-05,121,45,66,44,51,87,0,414
2025-02-06,125,45,66,45,53,88,0,422
2025-02-07,126,49,65,39,54,79,0,412
2025-02-08,123,36,47,42,59,82,0,389
2025-02-09,113,28,41,40,47,91,0,360
2025-02-10,112,47,66,36,46,84,0,391
2025-02-11,124,52,61,43,58,79,0,417
2025-02-12,121,51,74,52,54,80,0,432
2025-02-13,125,43,63,46,53,89,0,419
2025-02-14,127,60,69,49,62,90,0,457
2025-02-15,118,39,58,45,60,85,0,405
2025-02-16,117,42,51,49,54,75,0,388
2025-02-17,116,45,63,42,58,85,0,409
2025-02-18,115,53,68,43,68,83,0,430
2025-02-19,123,55,68,56,59,86,0,447
2025-02-20,123,47,62,52,58,85,0,427
2025-02-21,125,43,67,44,69,81,0,429
2025-02-22,124,32,56,46,54,78,0,390
2025-02-23,125,38,41,43,58,79,0,384
2025-02-24,120,49,63,42,52,82,0,408
2025-02-25,114,41,54,43,46,69,0,367
2025-02-26,124,49,64,45,63,81,0,426
2025-02-27,129,58,74,52,60,92,0,465
2025-02-28,77,35,50,32,36,51,0,281
2025-03-01,114,35,54,45,59,91,0,398
2025-03-02,121,30,45,39,50,85,0,370
2025-03-03,125,47,75,46,71,86,0,450
2025-03-04,125,38,70,57,68,90,0,448
2025-03-05,125,29,67,65,70,99,0,455
2025-03-06,129,39,71,61,76,98,0,474
2025-03-07,135,42,69,48,72,91,0,457
2025-03-08,133,37,58,47,63,86,0,424
2025-03-09,128,21,39,37,61,94,0,380
2025-03-10,119,48,62,45,61,78,0,413
2025-03-11,124,47,57,43,73,85,0,429
2025-03-12,123,39,62,46,71,91,0,432
2025-03-13,130,49,70,54,63,87,0,453
2025-03-14,125,46,63,46,68,87,0,435
2025-03-15,116,27,54,45,62,88,0,392
2025-03-16,113,34,39,35,63,83,0,367
2025-03-17,121,47,76,51,67,79,0,441
2025-03-18,127,51,77,49,72,85,0,461
2025-03-19,130,47,68,54,78,89,0,466
2025-03-20,141,53,86,61,77,88,0,506
2025-03-21,127,63,78,55,74,85,0,482
2025-03-22,120,36,49,41,67,90,0,403
2025-03-23,124,26,41,34,53,81,0,359
2025-03-24,117,48,66,52,64,82,0,429
2025-03-25,5,1,2,1,2,3,0,14
2025-03-26,123,38,56,44,62,81,0,404
2025-03-27,133,40,70,42,70,83,0,438
2025-03-28,126,42,66,51,79,79,0,443
2025-03-29,128,37,61,47,68,90,0,431
2025-03-30,123,26,36,40,62,79,0,366
2025-03-31,125,40,67,48,69,87,0,436
2025-04-01,130,39,69,46,67,83,0,434
2025-04-02,133,40,69,56,74,81,0,453
2025-04-03,142,41,71,54,70,90,0,468
2025-04-04,134,43,70,59,76,89,0,471
2025-04-05,138,34,57,51,73,92,0,445
2025-04-06,133,20,40,40,68,95,0,396
2025-04-07,129,50,68,43,73,93,0,456
2025-04-08,132,49,73,57,78,86,0,475
2025-04-09,140,38,70,60,72,90,0,470
2025-04-10,139,46,69,49,80,87,0,470
2025-04-11,130,58,77,59,81,88,0,493
2025-04-12,121,32,54,47,67,87,0,408
2025-04-13,128,10,30,37,73,105,0,383
2025-04-14,124,41,63,44,69,76,0,417
2025-04-15,8,2,4,4,5,5,0,28
2025-04-16,129,45,61,45,84,87,0,451
2025-04-17,134,37,66,53,71,84,0,445
2025-04-18,129,41,68,50,76,88,0,452
2025-04-19,126,40,58,44,68,75,0,411
2025-04-20,121,23,36,38,61,79,0,358
2025-04-21,108,32,40,37,55,76,0,348
2025-04-22,125,36,60,44,66,84,0,415
2025-04-23,125,41,68,49,70,82,0,435
2025-04-24,131,46,61,38,66,80,0,422
2025-04-25,133,54,65,47,71,80,0,450
2025-04-26,127,39,60,47,69,79,0,421
2025-04-27,126,34,60,43,75,80,0,418
2025-04-28,134,64,87,61,75,86,0,507
2025-04-29,132,77,86,74,79,93,0,541
2025-04-30,138,50,67,60,82,94,0,491
2025-05-01,132,26,40,40,82,88,0,408
2025-05-02,131,41,65,50,76,87,0,450
2025-05-03,134,27,60,46,81,73,0,421
2025-05-04,123,24,39,37,60,75,0,358
2025-05-05,10,4,2,2,5,5,0,28
2025-05-06,130,45,68,56,80,73,0,452
2025-05-07,128,47,63,57,80,84,0,459
2025-05-08,123,26,59,48,73,85,0,414
2025-05-09,130,41,66,48,80,85,0,450
2025-05-10,129,33,56,44,72,86,0,420
2025-05-11,124,31,43,43,74,84,0,399
2025-05-12,129,41,59,48,73,78,0,428
2025-05-13,123,36,61,46,75,83,0,424
2025-05-14,128,39,61,52,86,83,0,449
2025-05-15,129,47,68,61,80,76,0,461
2025-05-16,135,46,65,57,91,91,0,485
2025-05-17,129,33,60,47,77,85,0,431
2025-05-18,124,26,41,40,72,79,0,382
2025-05-19,119,47,60,55,83,90,0,454
2025-05-20,134,43,70,54,88,82,0,471
2025-05-21,121,50,63,50,67,81,0,432
2025-05-22,130,43,69,58,83,74,0,457
2025-05-23,141,50,73,65,91,87,0,507
2025-05-24,125,39,57,52,74,81,0,428
2025-05-25,117,24,43,43,68,78,0,373
2025-05-26,129,43,64,57,83,91,0,467
2025-05-27,121,51,69,53,89,71,0,454
2025-05-28,138,41,77,52,78,80,0,466
2025-05-29,130,31,60,52,81,85,0,439
2025-05-30,139,35,67,48,90,84,0,463
2025-05-31,138,31,51,49,94,88,0,451
2025-06-01,133,21,33,41,68,90,0,386
2025-06-02,128,43,69,55,78,84,0,457
2025-06-03,127,44,73,51,97,85,0,477
2025-06-04,130,46,69,47,72,82,0,446
2025-06-05,126,42,70,59,74,78,0,449
2025-06-06,128,41,66,45,76,85,0,441
2025-06-07,131,37,59,51,74,80,0,432
2025-06-08,125,25,39,46,74,83,0,392
2025-06-09,132,29,50,47,76,84,0,418
2025-06-10,124,44,69,53,90,85,0,465
2025-06-11,130,46,67,53,91,94,0,481
2025-06-12,136,43,72,50,87,90,0,478
2025-06-13,135,41,70,57,96,77,0,476
2025-06-14,142,42,59,57,84,88,0,472
2025-06-15,130,29,40,40,68,84,0,391
2025-06-16,131,43,57,47,83,81,0,442
2025-06-17,136,37,71,56,91,94,0,485
2025-06-18,133,48,67,61,91,88,0,488
2025-06-19,144,45,74,61,92,86,0,502
2025-06-20,138,44,67,59,93,87,0,488
2025-06-21,124,30,62,56,80,85,0,437
2025-06-22,136,25,55,56,83,91,0,446
2025-06-23,141,41,64,48,83,93,0,470
2025-06-24,139,42,79,65,93,86,0,504
2025-06-25,143,34,71,64,85,86,0,483
2025-06-26,141,37,67,63,89,82,0,479
2025-06-27,138,38,64,53,102,88,0,483
2025-06-28,140,20,55,52,96,112,0,475
2025-06-29,134,30,44,46,84,83,0,421
2025-06-30,131,36,57,49,97,88,0,458
2025-07-01,140,46,66,53,100,88,0,493
2025-07-02,141,41,86,74,102,88,0,532
2025-07-03,132,33,69,70,100,84,0,488
2025-07-14,10,2,2,2,5,6,0,27
2025-07-15,137,33,62,49,92,85,0,458
2025-07-16,128,41,63,47,79,83,0,441
2025-07-17,132,48,66,54,83,84,0,467
2025-07-18,133,35,66,53,94,86,0,467
2025-07-19,130,31,52,54,86,84,0,437
2025-07-20,120,28,37,43,83,78,0,389
2025-07-21,111,33,60,38,67,80,0,389
2025-07-22,127,39,64,47,79,84,0,440
2025-07-23,118,37,62,42,78,81,0,418
2025-07-24,126,38,73,47,70,75,0,429
2025-07-25,133,38,61,59,84,84,0,459
2025-07-26,110,28,50,43,62,64,0,357
2025-07-27,118,9,33,42,63,79,0,344
2025-07-28,130,36,54,44,86,90,0,440
2025-07-29,128,34,61,48,84,88,0,443
2025-07-30,128,37,59,54,80,81,0,439
2025-07-31,127,39,60,54,75,85,0,440
2025-08-01,124,42,61,44,81,83,0,435
2025-08-02,121,29,46,55,80,78,0,409
2025-08-03,123,26,41,44,73,82,0,389
2025-08-04,121,37,62,43,78,80,0,421
2025-08-05,124,33,51,45,79,88,0,420
2025-08-06,129,40,58,47,82,81,0,437
2025-08-07,124,33,57,50,88,88,0,440
2025-08-08,126,38,56,42,79,87,0,428
2025-08-09,124,27,49,46,81,84,0,411
2025-08-10,122,21,39,48,84,82,0,396
2025-08-11,109,35,59,47,80,80,0,410
2025-08-12,8,2,1,2,5,8,0,26
2025-08-13,113,36,50,36,75,86,0,396
2025-08-14,121,38,59,49,83,87,0,437
2025-08-15,115,26,33,45,80,93,0,392
2025-08-16,119,29,43,46,78,89,0,404
2025-08-17,128,24,38,43,79,93,0,405
2025-08-18,122,34,50,45,82,77,0,410
2025-08-19,122,37,56,36,77,87,0,415
2025-08-20,118,37,50,42,68,80,0,395
2025-08-21,121,35,56,44,80,78,0,414
2025-08-22,124,37,54,50,80,81,0,426
2025-08-23,122,30,49,49,80,88,0,418
2025-08-24,123,24,40,39,76,83,0,385
2025-08-25,127,37,59,42,78,91,0,434
2025-08-26,131,43,57,44,80,87,0,442
2025-08-27,130,42,62,48,83,90,0,455
2025-08-28,129,41,57,51,83,85,0,446
2025-08-29,124,45,61,41,67,84,0,422
2025-08-30,129,31,56,45,68,85,0,414
2025-08-31,120,22,39,45,65,80,0,371
2025-09-01,128,39,60,41,76,84,0,428
2025-09-02,127,49,70,48,69,82,0,445
2025-09-03,131,39,69,52,66,90,0,447
2025-09-04,126,40,68,46,73,81,0,434
2025-09-05,139,41,67,49,78,88,0,462
2025-09-06,141,27,56,53,76,87,0,440
2025-09-07,130,26,40,41,68,83,0,388
2025-09-08,133,42,57,42,78,77,0,429
2025-09-09,132,41,63,51,81,82,0,450
2025-09-10,135,37,57,48,77,107,0,461
2025-09-11,134,42,75,51,69,86,0,457
2025-09-12,139,46,70,53,81,91,0,480
2025-09-13,126,29,58,48,62,95,0,418
2025-09-14,97,5,38,27,48,100,0,315
2025-09-15,128,39,66,44,68,82,0,427
2025-09-16,124,48,74,54,68,90,0,458
2025-09-17,142,46,73,55,79,89,0,484
2025-09-18,143,39,66,43,69,95,0,455
2025-09-19,142,40,76,50,74,97,0,479
2025-09-20,135,34,64,47,67,87,0,434
2025-09-21,129,24,39,43,64,90,0,389
2025-09-22,130,45,73,52,83,74,0,457
2025-09-23,126,37,59,57,67,72,0,418
2025-09-24,128,43,68,48,56,72,0,415
2025-09-25,127,48,63,53,67,82,0,440
2025-09-26,127,44,64,57,70,87,0,449
2025-09-27,119,36,55,46,67,86,0,409
2025-09-28,126,35,47,46,59,84,0,397
2025-09-29,133,46,74,52,64,80,0,449
2025-09-30,136,44,76,51,74,86,0,467
2025-10-01,133,35,73,55,70,92,0,458
2025-10-02,128,38,65,51,71,89,0,442
2025-10-03,122,39,62,49,69,85,0,426
2025-10-04,128,34,61,43,62,81,0,409
2025-10-05,123,34,57,42,56,89,0,401
2025-10-06,120,46,69,46,69,83,0,433
2025-10-07,137,46,75,58,68,81,0,465
2025-10-08,134,43,71,44,65,86,0,443
2025-10-09,135,47,70,50,69,90,0,461
2025-10-10,138,40,63,53,69,85,0,448
2025-10-11,134,29,50,51,67,83,0,414
2025-10-12,133,32,49,43,63,86,0,406
2025-10-13,130,48,72,49,58,84,0,441
2025-10-14,126,39,73,46,69,81,0,434
2025-10-15,126,44,63,49,64,90,0,436
2025-10-16,138,52,78,59,64,92,0,483
2025-10-17,139,52,73,48,72,82,0,466
2025-10-18,133,42,60,39,67,79,0,420
2025-10-19,117,32,47,37,55,81,0,369
2025-10-20,129,44,68,46,64,80,0,431
2025-10-21,131,53,72,48,65,87,0,456
2025-10-22,134,50,68,56,62,87,0,457
2025-10-23,139,54,74,54,68,79,0,468
2025-10-24,135,45,71,44,66,83,0,444
2025-10-25,124,46,61,43,67,83,0,424
2025-10-26,114,37,58,49,53,81,0,392
2025-10-27,119,46,74,44,64,84,0,431
2025-10-28,129,50,72,49,61,89,0,450
2025-10-29,122,49,69,50,60,86,0,436
2025-10-30,136,45,69,48,74,92,0,464
2025-10-31,131,47,70,56,73,88,0,465
2025-11-01,128,47,58,52,63,80,0,428
2025-11-02,124,41,50,43,58,76,0,392
2025-11-03,131,38,62,43,57,93,0,424
2025-11-04,135,47,70,53,63,82,0,450
2025-11-05,133,44,69,53,68,93,0,460
2025-11-06,135,42,67,52,62,88,0,446
2025-11-07,131,44,74,49,57,89,0,444
2025-11-08,128,37,52,50,57,80,0,404
2025-11-09,127,15,33,49,61,84,0,369
2025-11-10,127,51,58,50,57,80,0,423
2025-11-11,132,35,53,48,58,75,0,401
2025-11-12,132,42,65,56,65,83,0,443
2025-11-13,133,44,70,59,78,84,0,468
2025-11-14,138,49,65,57,71,84,0,464
2025-11-15,131,43,52,45,64,87,0,422
2025-11-16,121,23,45,37,57,88,0,371
2025-11-17,126,43,70,47,61,84,0,431
2025-11-18,125,51,67,49,63,86,0,441
2025-11-19,121,48,64,49,56,82,0,420
2025-11-20,125,53,75,50,62,89,0,454
2025-11-21,127,48,66,50,60,82,0,433
2025-11-22,115,30,59,38,60,71,0,373
2025-11-23,114,26,40,43,40,78,0,341
2025-11-24,126,43,72,47,59,83,0,430
2025-11-25,120,46,67,48,62,78,0,421
2025-11-26,5,1,1,1,2,3,0,13
2025-11-27,126,49,64,49,57,84,0,429
2025-11-28,124,48,57,47,59,81,0,416
2025-11-29,123,36,49,40,50,91,0,389
2025-11-30,125,29,44,46,56,69,0,369
2025-12-01,123,46,66,46,60,82,0,423
2025-12-02,124,60,72,53,56,86,0,451
2025-12-03,129,51,68,60,55,92,0,455
2025-12-04,130,57,69,49,65,89,0,459
2025-12-05,131,47,71,53,54,87,0,443
2025-12-06,126,37,49,50,55,75,0,392
2025-12-07,114,29,34,44,52,76,0,349
2025-12-08,132,53,69,59,63,75,0,451
2025-12-09,138,44,67,54,67,92,0,462
2025-12-10,141,58,76,58,68,81,0,482
2025-12-11,135,45,76,54,58,90,0,458
2025-12-12,127,49,73,56,57,93,0,455
2025-12-13,120,32,52,48,58,93,0,403
2025-12-14,117,37,52,51,60,82,0,399
2025-12-15,125,47,68,47,61,83,0,431
2025-12-16,135,47,68,51,65,77,0,443
2025-12-17,131,55,65,47,65,97,0,460
2025-12-18,137,49,74,56,68,80,0,464
2025-12-19,130,48,70,52,62,87,0,449
2025-12-20,127,31,56,49,50,82,0,395
2025-12-21,112,30,39,37,40,79,0,337
2025-12-22,120,47,71,50,61,85,0,434
2025-12-23,115,46,64,50,60,83,0,418
2025-12-24,109,44,60,41,55,83,0,392
2025-12-25,91,27,32,37,43,65,0,295
2025-12-26,113,42,64,50,44,81,0,394
2025-12-27,114,38,60,48,46,72,0,378
2025-12-28,100,29,40,34,38,73,0,314
2025-12-29,4,1,1,1,1,3,0,11
2025-12-30,117,48,69,41,58,71,0,404
2025-12-31,119,41,61,48,52,78,0,399
2026-01-01,117,34,31,47,45,77,0,351
2026-01-02,111,41,54,41,52,73,0,372
2026-01-03,111,28,48,42,48,71,0,348
2026-01-04,115,28,52,35,43,74,0,347
2026-01-05,113,26,51,36,43,76,0,345
2026-01-06,118,41,57,37,44,74,0,371
2026-01-07,108,32,48,35,33,71,0,327
2026-01-08,4,2,1,1,2,1,0,11
2026-01-09,114,48,64,46,52,74,0,398
2026-01-10,124,45,59,44,59,85,0,416
2026-01-11,114,35,47,47,51,81,0,375
2026-01-12,121,46,62,49,61,69,0,408
2026-01-13,124,34,55,43,66,81,0,403
2026-01-14,132,46,64,49,67,82,0,440
2026-01-15,124,48,65,53,62,83,0,435
2026-01-16,126,49,68,49,63,78,0,433
2026-01-17,124,26,55,45,56,76,0,382
2026-01-18,121,41,48,44,54,85,0,393
2026-01-19,128,46,67,52,58,84,0,435
2026-01-20,129,38,62,48,64,74,0,415
2026-01-21,127,40,64,50,67,82,0,430
2026-01-22,132,59,74,60,58,86,0,469
2026-01-23,125,35,65,46,59,90,0,420
2026-01-24,120,31,57,49,63,81,0,401
2026-01-25,113,24,43,44,50,83,0,357
2026-01-26,124,40,64,52,56,88,0,424
2026-01-27,116,37,60,51,51,77,0,392
2026-01-28,114,44,63,48,59,82,0,410
2026-01-29,4,2,1,2,2,3,0,14
2026-01-30,121,56,73,59,55,85,0,449
2026-01-31,127,36,56,40,55,83,0,397
2026-02-01,120,33,46,46,48,82,0,375
2026-02-02,122,46,64,43,59,81,0,415
2026-02-03,122,42,66,49,48,86,0,413
2026-02-04,127,52,71,55,57,80,0,442
2026-02-05,129,48,68,49,54,89,0,437
2026-02-06,137,47,65,50,53,83,0,435
2026-02-07,124,37,52,59,60,83,0,415
2026-02-08,124,25,46,45,55,91,0,386
2026-02-09,115,41,61,51,54,77,0,399
2026-02-10,116,45,68,54,50,77,0,410
2026-02-11,122,50,76,62,51,82,0,443
2026-02-12,127,52,67,54,56,81,0,437
2026-02-13,122,52,82,61,50,89,0,456
2026-02-14,119,35,55,53,67,81,0,410
2026-02-15,102,24,38,37,44,68,0,313
2026-02-16,3,2,1,2,2,2,0,12
2026-02-17,122,48,70,50,57,80,0,427
2026-02-18,109,48,68,52,53,71,0,401
2026-02-19,120,48,69,51,63,81,0,432
2026-02-20,120,46,64,53,59,83,0,425
2026-02-21,123,40,48,45,54,88,0,398
2026-02-22,120,21,38,42,50,95,0,366
2026-02-23,127,51,69,47,62,86,0,442
2026-02-24,125,52,75,59,60,91,0,462
2026-02-25,131,45,70,57,76,86,0,465
2026-02-26,133,61,81,55,74,90,0,494
2026-02-27,127,50,77,50,55,84,0,443
2026-02-28,120,39,55,46,62,82,0,404
2026-03-01,118,21,43,40,58,89,0,369
2026-03-02,124,47,66,53,68,90,0,448
2026-03-03,128,44,69,54,65,79,0,439
2026-03-04,133,45,71,55,75,86,0,465
2026-03-05,131,57,64,50,70,84,0,456
2026-03-06,131,60,72,57,76,91,0,487
2026-03-07,126,42,65,46,73,86,0,438
2026-03-08,128,18,41,39,63,88,0,377
2026-03-09,128,42,68,44,71,83,0,436
2026-03-10,130,41,68,48,73,81,0,441
2026-03-11,123,40,68,55,64,85,0,435
2026-03-12,128,52,75,51,68,84,0,458
2026-03-13,115,51,65,51,60,82,0,424
2026-03-14,125,41,59,49,65,82,0,421
2026-03-15,120,23,47,45,59,79,0,373
2026-03-16,124,51,73,48,64,84,0,444
2026-03-17,138,47,72,48,72,84,0,461
2026-03-18,133,40,68,51,77,87,0,456
2026-03-19,127,40,72,49,71,84,0,443
2026-03-20,119,23,73,46,31,74,0,366
2026-03-21,73,11,65,32,16,60,0,257
2026-03-22,72,11,61,29,15,54,0,242
2026-03-23,71,17,60,30,13,63,0,254
2026-03-24,2,0,2,1,0,0,0,5
2026-03-25,62,18,63,29,12,31,0,215
2026-03-26,80,12,59,29,17,46,0,243
2026-03-27,70,22,55,27,7,34,0,215
2026-03-28,66,8,55,26,6,50,0,211
2026-03-29,59,11,49,25,8,42,0,194
2026-03-30,68,17,72,30,14,57,0,258
2026-03-31,52,25,64,28,16,33,0,218
2026-04-01,63,19,52,27,6,28,0,195
2026-04-02,76,20,58,29,15,39,0,237
2026-04-03,67,19,50,30,8,33,0,207
2026-04-04,70,13,53,24,10,21,0,191
2026-04-05,70,15,53,29,15,41,0,223
2026-04-06,68,7,62,25,14,41,0,217
2026-04-07,94,8,71,29,22,60,0,284
2026-04-08,96,8,79,39,24,64,0,310
2026-04-09,90,12,86,35,18,63,0,304
2026-04-10,89,16,76,39,31,66,0,317
2026-04-11,69,13,52,35,13,34,0,216
2026-04-12,72,9,61,18,13,43,0,216
2026-04-13,68,13,64,32,12,43,0,232
2026-04-14,81,12,70,33,17,58,0,271
2026-04-15,80,16,70,31,19,46,0,262
2026-04-16,92,8,67,30,28,65,0,290
2026-04-17,96,10,71,33,21,64,0,295
2026-04-18,84,14,68,33,22,59,0,280
2026-04-19,74,10,64,27,16,60,0,251
2026-04-20,82,22,75,33,22,66,0,300
2026-04-21,77,21,68,35,16,62,0,279
2026-04-22,77,16,65,32,18,71,0,279
2026-04-23,79,7,77,32,22,65,0,282
2026-04-24,7,2,4,2,0,2,0,17
2026-04-25,87,21,69,40,21,67,0,305
2026-04-26,77,10,57,25,19,54,0,242
2026-04-27,79,15,58,31,13,65,0,261
2026-04-28,76,16,73,35,21,71,0,292
2026-04-29,81,18,65,38,15,55,0,272
2026-04-30,89,15,83,38,21,66,0,312
2026-05-01,69,14,47,24,4,41,0,199
2026-05-02,82,8,63,37,16,52,0,258
2026-05-03,63,13,57,34,12,38,0,217
2026-05-04,61,15,44,31,10,27,0,188
2026-05-05,1,3,2,2,0,0,0,8
2026-05-06,70,13,58,31,11,46,0,229
2026-05-07,86,21,70,31,19,61,0,288
2026-05-08,21,5,16,7,0,7,0,56
2026-05-09,80,14,75,38,25,65,0,297
2026-05-10,38,17,33,26,2,18,0,134
2026-05-11,65,18,57,30,14,45,0,229
2026-05-12,77,14,58,30,16,63,0,258
2026-05-13,73,17,59,32,9,49,0,239
2026-05-14,59,14,43,21,11,30,0,178
2026-05-15,73,21,65,34,23,49,0,265
2026-05-16,25,6,23,7,3,13,0,77
2026-05-17,1,0,2,1,0,0,0,4
2026-05-18,11,0,2,0,1,2,0,16
2026-05-19,7,1,12,0,1,5,0,26
2026-05-20,2,0,0,0,0,0,0,2
2026-05-21,14,1,14,0,3,9,0,41
2026-05-22,20,2,15,0,6,18,0,61
2026-05-23,15,2,16,0,5,12,0,50
2026-05-24,15,1,14,0,6,13,0,49
2026-05-25,43,1,40,0,11,20,0,115
2026-05-26,32,4,42,1,13,21,0,113
2026-05-27,29,3,28,1,13,17,0,91
2026-05-28,17,1,12,0,7,12,0,49
2026-05-29,11,1,8,0,4,9,0,33
2026-05-30,35,5,24,6,8,30,0,108
2026-05-31,22,1,10,4,1,8,0,46
2026-06-01,23,0,16,0,10,18,0,67
2026-06-02,7,0,13,0,2,10,0,32
2026-06-03,3,0,5,2,0,0,0,10
2026-06-04,0,0,3,0,0,0,0,3
2026-06-05,0,0,1,0,0,0,0,1
2026-06-07,0,0,1,0,0,0,0,1
2026-06-09,3,0,1,0,0,0,0,4
2026-06-10,1,0,1,0,0,0,0,2
2026-06-11,2,0,0,0,0,0,0,2
2026-06-12,4,0,0,0,0,1,0,5
2026-06-15,1,0,0,0,0,0,0,1
2026-06-17,0,0,1,0,0,0,0,1
2026-06-19,1,1,0,0,0,0,0,2
2026-06-20,2,1,1,0,0,0,0,4
2026-06-21,1,0,0,0,0,0,0,1
2026-06-24,1,0,0,0,0,0,0,1
2026-06-26,3,0,0,0,0,0,0,3
2026-06-27,1,0,0,0,0,0,0,1
2026-06-28,0,0,0,0,0,1,0,1
2026-06-29,1,0,0,0,0,0,0,1
2026-06-30,4,0,0,0,0,0,0,4
2026-07-01,4,0,0,0,0,0,0,4
2026-07-02,5,0,0,0,0,0,0,5
2026-07-07,1,0,0,0,0,0,0,1
2026-07-08,2,0,0,0,0,0,0,2
2026-07-10,2,0,0,0,0,0,0,2
2026-07-16,2,0,0,0,0,0,0,2
2026-07-17,2,0,0,0,0,0,0,2
2026-07-18,0,0,0,0,1,0,0,1
2026-07-19,0,0,1,0,0,0,0,1
2026-07-22,2,0,1,0,1,0,0,4
2026-07-23,4,0,0,0,0,0,0,4
2026-07-26,0,1,0,0,0,0,0,1
2026-07-29,1,0,0,0,0,0,0,1
2026-07-31,0,1,0,0,0,0,0,1
2026-08-03,2,0,0,0,0,0,0,2
2026-08-04,1,0,0,0,0,0,0,1
2026-08-06,2,0,0,0,0,0,0,2
2026-08-10,0,1,0,0,0,0,0,1
2026-08-14,1,0,0,0,0,0,0,1
2026-08-15,2,0,0,0,0,0,0,2
2026-08-16,1,0,0,0,0,0,0,1
2026-08-17,1,0,0,0,0,0,0,1
2026-08-19,2,0,0,0,0,0,0,2
2026-08-20,3,0,0,0,0,0,0,3
2026-08-21,4,0,0,0,0,0,0,4
2026-08-23,2,0,0,0,0,0,0,2
2026-08-25,1,1,0,0,0,0,0,2
2026-08-27,1,0,1,0,0,0,0,2
2026-08-29,2,0,0,0,0,0,0,2
2026-08-30,3,0,0,0,0,0,0,3
2026-08-31,1,0,0,0,0,0,0,1
2026-09-01,4,0,0,0,0,0,0,4
2026-09-02,3,0,0,0,0,0,0,3
2026-09-03,3,0,0,0,0,0,0,3
2026-09-04,4,0,0,0,0,0,0,4
2026-09-05,1,0,0,0,0,1,0,2
2026-09-06,2,0,0,0,0,0,0,2
2026-09-07,3,0,0,0,0,0,0,3
2026-09-08,2,0,0,0,0,2,0,4
2026-09-09,1,0,0,0,0,0,0,1
2026-09-10,17,14,14,14,14,14,0,87
2026-09-11,168,168,168,168,168,168,0,1008
2026-09-12,168,168,168,168,168,168,0,1008
2026-09-13,168,168,168,168,168,168,0,1008
2026-09-14,168,168,168,168,168,168,0,1008
2026-09-15,168,168,168,168,168,168,0,1008
2026-09-16,168,168,168,168,168,168,0,1008
2026-09-17,168,168,168,168,168,168,0,1008
2026-09-18,168,168,168,168,168,168,0,1008
2026-09-19,168,168,168,168,168,168,0,1008
2026-09-20,168,168,168,168,168,168,0,1008
2026-09-21,168,168,168,168,168,168,0,1008
2026-09-22,168,168,168,168,168,168,0,1008
2026-09-23,168,168,168,168,168,168,0,1008
2026-09-24,168,168,168,168,168,168,0,1008
2026-09-25,168,168,168,168,168,168,0,1008
2026-09-26,168,168,168,168,168,168,0,1008
2026-09-27,168,168,168,168,168,168,0,1008
2026-09-28,168,168,168,168,168,168,0,1008
2026-09-29,168,168,168,168,168,168,0,1008
2026-09-30,168,168,168,168,168,168,0,1008
2026-10-01,168,168,168,168,168,168,0,1008
2026-10-02,168,168,168,168,168,168,0,1008
2026-10-03,168,168,168,168,168,168,0,1008
2026-10-04,168,168,168,168,168,168,0,1008
2026-10-05,154,154,154,154,154,154,0,924
2026-10-06,14,14,14,14,14,14,0,84
2026-10-07,168,168,168,168,168,168,0,1008
2026-10-08,154,154,154,154,154,154,0,924
